"","Chr","Start","End","Gene Name"
"1","chr3",14885636,14886636,"Car2"
"2","chr3",14886273,14887273,"Car2"
"3","chr10",75935458,75936458,"Chchd10"
"4","chr19",41029332,41030332,"Dntt"
"5","chr19",41030120,41031120,"Dntt"
"6","chr11",102430182,102431182,"Grn"
"7","chr7",27447622,27448622,"Blvrb"
"8","chr8",57511718,57512718,"Hmgb2"
"9","chr8",57510831,57511831,"Hmgb2"
"10","chr2",53190318,53191318,NA
"11","chr8",69183561,69184561,NA
"12","chr2",53190318,53191318,NA
"13","chr10",18196841,18197841,NA
"14","chr8",107096288,107097288,NA
"15","chr10",75950817,75951817,"Vpreb3"
"16","chr5",121592663,121593663,"Aldh2"
"17","chr7",30393762,30394762,"Tyrobp"
"18","chr2",164769054,164770054,"Ube2c"
"19","chr2",164769514,164770514,"Ube2c"
"20","chr8",94976953,94977953,"Adgrg1"
"21","chr1",165763462,165764462,"Creg1"
"22","chr7",127041862,127042862,"Kif22"
"23","chr2",163658240,163659240,"Pkig"
"24","chr8",84701411,84702411,"Lyl1"
"25","chr9",21759469,21760469,"Spc24"
"26","chr9",21760203,21761203,"Spc24"
"27","chr4",95051311,95052311,"Jun"
"28","chr4",95052371,95053371,"Jun"
"29","chr4",95160704,95161704,"Jun"
"30","chr7",135714977,135715977,"Mki67"
"31","chr7",135715715,135716715,"Mki67"
"32","chr7",135714977,135715977,"Mki67"
"33","chr7",143052399,143053399,"Cd81"
"34","chr10",69352281,69353281,"Cdk1"
"35","chr10",69351505,69352505,"Cdk1"
"36","chr10",69351505,69352505,"Cdk1"
"37","chr2",148874450,148875450,"Cst3"
"38","chr11",99023068,99024068,"Top2a"
"39","chr10",60277565,60278565,"Psap"
"40","chr8",105596175,105597175,"Ripor1"
"41","chr14",63122412,63123412,"Ctsb"
"42","chr3",95929144,95930144,"Anp32e"
"43","chr8",71592117,71593117,"Pgls"
"44","chr8",117498185,117499185,"Plcg2"
"45","chr8",117498185,117499185,"Plcg2"
"46","chr6",48840218,48841218,"Tmem176b"
"47","chr6",125190774,125191774,"Ncapd2"
"48","chr19",40992952,40993952,"Blnk"
"49","chr18",10617801,10618801,"Snrpd1"
"50","chr8",84969167,84970167,"Prdx2"
"51","chr13",56133740,56134740,"H2afy"
"52","chr9",70420961,70421961,"Ccnb2"
"53","chr7",122158819,122159819,"Plk1"
"54","chr12",17266514,17267514,"Pdia6"
"55","chr14",33184797,33185797,"Wdfy4"
"56","chr8",95019849,95020849,"Adgrg3"
"57","chr8",75108546,75109546,"Mcm5"
"58","chr8",75109448,75110448,"Mcm5"
"59","chr7",102441816,102442816,"Rrm1"
"60","chr8",122697188,122698188,"Cbfa2t3"
"61","chr8",122698305,122699305,"Cbfa2t3"
"62","chr3",108016950,108017950,"Gstm1"
"63","chr3",108017720,108018720,"Gstm1"
"64","chr16",95457309,95458309,"Erg"
"65","chr16",95457857,95458857,"Erg"
"66","chr16",95457309,95458309,"Erg"
"67","chr4",62519497,62520497,"Alad"
"68","chr1",23382068,23383068,"Ogfrl1"
"69","chr1",23382068,23383068,"Ogfrl1"
"70","chr19",9899458,9900458,"Incenp"
"71","chr19",9898623,9899623,"Incenp"
"72","chr7",44572486,44573486,"Napsa"
"73","chr18",56708098,56709098,"Lmnb1"
"74","chr18",56707585,56708585,"Lmnb1"
"75","chr18",56755721,56756721,"Lmnb1"
"76","chr9",37551724,37552724,"Nrgn"
"77","chr12",105032475,105033475,"Glrx5"
"78","chr4",124936061,124937061,"Cdca8"
"79","chr1",75218232,75219232,"Tuba4a"
"80","chr1",75218782,75219782,"Tuba4a"
"81","chr2",91096349,91097349,"Spi1"
"82","chr2",91096881,91097881,"Spi1"
"83","chr1",128358646,128359646,"Mcm6"
"84","chr1",128357780,128358780,"Mcm6"
"85","chr6",88074996,88075996,"Rpn1"
"86","chr6",88074517,88075517,"Rpn1"
"87","chr6",88084371,88085371,"Rpn1"
"88","chr9",114780318,114781318,"Cmtm7"
"89","chr9",114780318,114781318,"Cmtm7"
"90","chr9",114774419,114775419,"Cmtm7"
"91","chr10",43579276,43580276,"Cd24a"
"92","chr10",43580050,43581050,"Cd24a"
"93","chr2",125247654,125248654,"Dut"
"94","chr1",189687372,189688372,"Cenpf"
"95","chr1",189688099,189689099,"Cenpf"
"96","chr2",152847860,152848860,"Tpx2"
"97","chr13",52583853,52584853,"Syk"
"98","chr13",52596755,52597755,"Syk"
"99","chr5",30666746,30667746,"Cenpa"
"100","chr14",76505758,76506758,"Tsc22d1"
"101","chr14",76414666,76415666,"Tsc22d1"
"102","chr14",76504743,76505743,"Tsc22d1"
"103","chr13",100775239,100776239,"Cenph"
"104","chr13",100775239,100776239,"Cenph"
"105","chr19",6980225,6981225,"Fkbp2"
"106","chr10",79874255,79875255,"Plppr3"
"107","chr2",25223410,25224410,"Tubb4b"
"108","chr5",115844908,115845908,"Cit"
"109","chr5",115844338,115845338,"Cit"
"110","chr5",115799151,115800151,"Cit"
"111","chr17",35837248,35838248,"Tubb5"
"112","chr13",28949429,28950429,"Sox4"
"113","chr13",28949429,28950429,"Sox4"
"114","chr12",102438929,102439929,"Lgmn"
"115","chr5",145139251,145140251,"Pdap1"
"116","chr6",131387278,131388278,"Ybx3"
"117","chr6",72380152,72381152,"Vamp5"
"118","chr6",72379695,72380695,"Vamp5"
"119","chr6",72380152,72381152,"Vamp5"
"120","chr14",30549126,30550126,"Tkt"
"121","chr2",35336130,35337130,"Stom"
"122","chr11",117849161,117850161,"Birc5"
"123","chr11",117848415,117849415,"Birc5"
"124","chr3",129878204,129879204,"Pla2g12a"
"125","chr3",129878640,129879640,"Pla2g12a"
"126","chr7",44868706,44869706,"Ptov1"
"127","chr1",131638326,131639326,"Ctse"
"128","chr5",147399095,147400095,"Flt3"
"129","chr5",147399095,147400095,"Flt3"
"130","chr11",24049054,24050054,"Bcl11a"
"131","chr16",90220716,90221716,"Sod1"
"132","chr16",90220716,90221716,"Sod1"
"133","chr13",47104761,47105761,"Dek"
"134","chr16",18247263,18248263,"Ranbp1"
"135","chr16",18247878,18248878,"Ranbp1"
"136","chr9",72438046,72439046,"Mns1"
"137","chr9",72448949,72449949,"Mns1"
"138","chr8",120668144,120669144,"Cox4i1"
"139","chr11",104581384,104582384,"Myl4"
"140","chr12",111442256,111443256,"Tnfaip2"
"141","chr10",30199507,30200507,"Cenpw"
"142","chr6",89643600,89644600,"Txnrd3"
"143","chr6",89644201,89645201,"Txnrd3"
"144","chr2",26586480,26587480,"Egfl7"
"145","chr19",3935116,3936116,"Unc93b1"
"146","chr3",135212516,135213516,"Cenpe"
"147","chr15",82243788,82244788,"Cenpm"
"148","chr8",27260075,27261075,"Eif4ebp1"
"149","chr11",78984070,78985070,"Lgals9"
"150","chr11",106313895,106314895,"Cd79b"
"151","chr10",127063398,127064398,"Cdk4"
"152","chr5",138170642,138171642,"Mcm7"
"153","chr5",138170642,138171642,"Mcm7"
"154","chr4",40278998,40279998,"Ndufb6"
"155","chr7",24593421,24594421,"Ethe1"
"156","chr7",24593421,24594421,"Ethe1"
"157","chr13",41016066,41017066,"Tmem14c"
"158","chr6",51467899,51468899,"Hnrnpa2b1"
"159","chr6",51467899,51468899,"Hnrnpa2b1"
"160","chr4",117182038,117183038,"Kif2c"
"161","chr4",117189084,117190084,"Kif2c"
"162","chr14",55540178,55541178,"Pck2"
"163","chr14",55540178,55541178,"Pck2"
"164","chr2",127133375,127134375,"Ncaph"
"165","chr2",127133375,127134375,"Ncaph"
"166","chr2",172369999,172370999,"Aurka"
"167","chr9",21615856,21616856,"Smarca4"
"168","chr9",21615214,21616214,"Smarca4"
"169","chr19",6974144,6975144,"Ppp1r14b"
"170","chr7",101310212,101311212,"Stard10"
"171","chr4",116627016,116628016,"Nasp"
"172","chr4",116626072,116627072,"Nasp"
"173","chr8",120588377,120589377,"Gins2"
"174","chr5",125340156,125341156,"Scarb1"
"175","chr10",37138244,37139244,"Marcks"
"176","chr17",29360879,29361879,"Fgd2"
"177","chr2",53190318,53191318,NA
"178","chr8",69183561,69184561,NA
"179","chr2",53190318,53191318,NA
"180","chr10",18196841,18197841,NA
"181","chr8",107096288,107097288,NA
"182","chr6",6577878,6578878,"Sem1"
"183","chr10",80406211,80407211,"Uqcr11"
"184","chr8",120736319,120737319,"Irf8"
"185","chr5",30072947,30073947,"Tyms"
"186","chr1",86358023,86359023,"Ncl"
"187","chr1",86358671,86359671,"Ncl"
"188","chr15",79141130,79142130,"Polr2f"
"189","chr8",84871844,84872844,"Syce2"
"190","chr1",131096197,131097197,"Mapkapk2"
"191","chr1",131097193,131098193,"Mapkapk2"
"192","chr1",131096751,131097751,"Mapkapk2"
"193","chr11",72041698,72042698,"Pimreg"
"194","chr11",72042285,72043285,"Pimreg"
"195","chr11",53430009,53431009,"Uqcrq"
"196","chr13",54302689,54303689,"Cplx2"
"197","chr11",51619597,51620597,"Nhp2"
"198","chr8",84902579,84903579,"Klf1"
"199","chr8",84902579,84903579,"Klf1"
"200","chr5",129787389,129788389,"Cct6a"
"201","chr15",102296053,102297053,"Espl1"
"202","chr7",4752354,4753354,"Cox6b2"
"203","chr4",136172006,136173006,"E2f2"
"204","chr2",156143540,156144540,"Romo1"
"205","chr16",33966440,33967440,"Umps"
"206","chr16",33966440,33967440,"Umps"
"207","chr16",34095231,34096231,"Umps"
"208","chr4",118437102,118438102,"Cdc20"
"209","chr4",118436624,118437624,"Cdc20"
"210","chr16",4718286,4719286,"Nmral1"
"211","chr1",139454502,139455502,"Aspm"
"212","chr1",139455076,139456076,"Aspm"
"213","chr1",139454502,139455502,"Aspm"
"214","chr8",84846895,84847895,"Calr"
"215","chr8",84845743,84846743,"Calr"
"216","chr4",132344776,132345776,"Rcc1"
"217","chr1",91180784,91181784,"Ramp1"
"218","chr5",115157006,115158006,"Mlec"
"219","chr11",69036786,69037786,"Aurkb"
"220","chr11",69045731,69046731,"Aurkb"
"221","chr11",69040206,69041206,"Aurkb"
"222","chr11",69039553,69040553,"Aurkb"
"223","chr8",116920635,116921635,"Cmc2"
"224","chr14",47417552,47418552,"Dlgap5"
"225","chr4",150913658,150914658,"Park7"
"226","chr4",150908990,150909990,"Park7"
"227","chr4",150914351,150915351,"Park7"
"228","chr12",113140133,113141133,"Crip2"
"229","chr17",46496336,46497336,"Dnph1"
"230","chr9",107985169,107986169,"Inka1"
"231","chr3",9608356,9609356,"Zfp704"
"232","chr12",87266079,87267079,"Ahsa1"
"233","chr12",87266079,87267079,"Ahsa1"
"234","chr7",45433574,45434574,"Ruvbl2"
"235","chr8",94532922,94533922,"Cpne2"
"236","chr8",94532218,94533218,"Cpne2"
"237","chr6",125313227,125314227,"Ltbr"
"238","chr7",127259860,127260860,"Dctpp1"
"239","chr7",127254088,127255088,"Dctpp1"
"240","chr7",127253558,127254558,"Dctpp1"
"241","chr7",127253558,127254558,"Dctpp1"
"242","chr11",93967413,93968413,"Nme1"
"243","chr17",45594768,45595768,"Slc29a1"
"244","chr5",100571044,100572044,"Plac8"
"245","chr5",100569964,100570964,"Plac8"
"246","chr3",36570997,36571997,"Ccna2"
"247","chr5",66661024,66662024,"Uchl1"
"248","chrX",155337725,155338725,"Prdx4"
"249","chr2",150909398,150910398,"Gins1"
"250","chr10",80432263,80433263,"Tcf3"
"251","chr10",80432895,80433895,"Tcf3"
"252","chr11",3538542,3539542,"Smtn"
"253","chr7",16386968,16387968,"Sae1"
"254","chr17",45573201,45574201,"Hsp90ab1"
"255","chr17",45572136,45573136,"Hsp90ab1"
"256","chr5",115348349,115349349,"Cox6a1"
"257","chr5",115347899,115348899,"Cox6a1"
"258","chr5",115348868,115349868,"Cox6a1"
"259","chr19",47854823,47855823,"Gsto1"
"260","chr3",108283143,108284143,"Sort1"
"261","chr3",108283807,108284807,"Sort1"
"262","chr11",69838220,69839220,"Tmem256"
"263","chr8",116921501,116922501,"Cenpn"
"264","chr5",33821107,33822107,"Nsd2"
"265","chr5",33819615,33820615,"Nsd2"
"266","chr5",99905984,99906984,"Hnrnpd"
"267","chrX",136244919,136245919,"Tceal9"
"268","chr4",149136727,149137727,"Cenps"
"269","chr15",99074445,99075445,"Troap"
"270","chr15",99074445,99075445,"Troap"
"271","chr15",81871225,81872225,"Phf5a"
"272","chr6",128437584,128438584,"Fkbp4"
"273","chr6",128437584,128438584,"Fkbp4"
"274","chr2",84936793,84937793,"Slc43a3"
"275","chr4",135271667,135272667,"Clic4"
"276","chr4",135271092,135272092,"Clic4"
"277","chr4",134510947,134511947,"Aunip"
"278","chr19",46337956,46338956,"Cuedc2"
"279","chr6",124320932,124321932,"Cd163"
"280","chr10",93888749,93889749,"Metap2"
"281","chr12",110706414,110707414,"Hsp90aa1"
"282","chr11",50224261,50225261,"Mgat4b"
"283","chr11",50224261,50225261,"Mgat4b"
"284","chr6",47593844,47594844,"Ezh2"
"285","chr6",47593844,47594844,"Ezh2"
"286","chrX",109012734,109013734,"Hmgn5"
"287","chr19",37376493,37377493,"Kif11"
"288","chr4",46450987,46451987,"Anp32b"
"289","chr15",81729180,81730180,"Rangap1"
"290","chr8",71537249,71538249,"Bst2"
"291","chr13",55329129,55330129,"Mxd3"
"292","chr13",55329764,55330764,"Mxd3"
"293","chr18",69344227,69345227,"Tcf4"
"294","chr18",69593183,69594183,"Tcf4"
"295","chr18",69570447,69571447,"Tcf4"
"296","chr12",112620145,112621145,"Adssl1"
"297","chr12",113156094,113157094,"Tedc1"
"298","chr1",180568864,180569864,"Parp1"
"299","chr11",115563582,115564582,"Nup85"
"300","chr11",115564163,115565163,"Nup85"
"301","chr5",134582546,134583546,"Rfc2"
"302","chr19",37434773,37435773,"Hhex"
"303","chr19",37447687,37448687,"Hhex"
"304","chr5",121451499,121452499,"Erp29"
"305","chr9",59539314,59540314,"Hexa"
"306","chr3",88081672,88082672,"Iqgap3"
"307","chr7",30625513,30626513,"Cox6b1"
"308","chr19",46356614,46357614,"Mfsd13a"
"309","chr10",79787911,79788911,"Prss57"
"310","chr11",69605385,69606385,"Atp1b2"
"311","chr9",106247606,106248606,"Alas1"
"312","chr9",106247146,106248146,"Alas1"
"313","chr11",6443491,6444491,"H2afv"
"314","chr12",76255259,76256259,"Mthfd1"
"315","chr5",33657767,33658767,"Tacc3"
"316","chr5",33658456,33659456,"Tacc3"
"317","chr19",41801203,41802203,"Arhgap19"
"318","chr2",30441128,30442128,"Ptpa"
"319","chr2",30415979,30416979,"Ptpa"
"320","chr6",89594869,89595869,"Chchd6"
"321","chr7",126861498,126862498,"Hirip3"
"322","chr7",13024766,13025766,"Trim28"
"323","chr2",5011954,5012954,"Mcm10"
"324","chr15",103323304,103324304,"Zfp385a"
"325","chr15",103339398,103340398,"Zfp385a"
"326","chr12",76709877,76710877,"Sptb"
"327","chr12",8772186,8773186,"Sdc1"
"328","chr12",8771647,8772647,"Sdc1"
"329","chr12",8771212,8772212,"Sdc1"
"330","chr12",8771212,8772212,"Sdc1"
"331","chr7",43443673,43444673,"Etfb"
"332","chr7",43443673,43444673,"Etfb"
"333","chr7",43443218,43444218,"Etfb"
"334","chr9",120570687,120571687,"Rpl14"
"335","chr18",67610221,67611221,"Spire1"
"336","chr18",67610221,67611221,"Spire1"
"337","chr1",93801149,93802149,"Dtymk"
"338","chr2",25371445,25372445,"Sapcd2"
"339","chr4",116993690,116994690,"Urod"
"340","chr17",26123329,26124329,"Mrpl28"
"341","chr18",74207013,74208013,"Ska1"
"342","chr2",72476178,72477178,"Cdca7"
"343","chr2",72476178,72477178,"Cdca7"
"344","chr4",126556874,126557874,"Clspn"
"345","chr7",13038097,13039097,"Ube2m"
"346","chr7",13037353,13038353,"Ube2m"
"347","chr17",24250478,24251478,"Ccnf"
"348","chr17",24251227,24252227,"Ccnf"
"349","chr7",141447538,141448538,"Rplp2"
"350","chr7",141446927,141447927,"Rplp2"
"351","chr2",69205402,69206402,"Spc25"
"352","chr6",129350322,129351322,"Clec12a"
"353","chr6",129350322,129351322,"Clec12a"
"354","chr11",75651426,75652426,"Myo1c"
"355","chr4",138262000,138263000,"Kif17"
"356","chr4",138262000,138263000,"Kif17"
"357","chr4",58986276,58987276,"Ptgr1"
"358","chr7",141391769,141392769,"Taldo1"
"359","chr2",84839834,84840834,"Slc43a1"
"360","chr7",80387258,80388258,"Fes"
"361","chr7",80386771,80387771,"Fes"
"362","chr8",122567180,122568180,"Cdt1"
"363","chr8",122567739,122568739,"Cdt1"
"364","chr11",40732720,40733720,"Hmmr"
"365","chr4",154898627,154899627,"Prxl2b"
"366","chr4",154903974,154904974,"Prxl2b"
"367","chr4",154904558,154905558,"Prxl2b"
"368","chr8",105707355,105708355,"Enkd1"
"369","chr4",128993699,128994699,"Ak2"
"370","chr7",80114741,80115741,"Idh2"
"371","chr7",80114187,80115187,"Idh2"
"372","chr2",164441252,164442252,"Sdc4"
"373","chr11",72549602,72550602,"Spns3"
"374","chr9",107950586,107951586,"Traip"
"375","chr18",67288238,67289238,"Impa2"
"376","chr18",67289066,67290066,"Impa2"
"377","chr18",67289600,67290600,"Impa2"
"378","chr15",76343140,76344140,"Cyc1"
"379","chr7",19714683,19715683,"Tomm40"
"380","chr1",171149994,171150994,"Sdhc"
"381","chr6",128890016,128891016,"BC035044"
"382","chr6",128890016,128891016,"BC035044"
"383","chr3",98338775,98339775,"Phgdh"
"384","chr1",89454511,89455511,"Agap1"
"385","chr5",149228917,149229917,"Alox5ap"
"386","chr5",149264742,149265742,"Alox5ap"
"387","chr6",38919003,38920003,"Tbxas1"
"388","chr18",34372434,34373434,"Reep5"
"389","chr18",34372434,34373434,"Reep5"
"390","chr7",55841936,55842936,"Cyfip1"
"391","chr7",55841936,55842936,"Cyfip1"
"392","chr7",44467835,44468835,"Josd2"
"393","chr15",89179789,89180789,"Plxnb2"
"394","chr17",25941475,25942475,"Pigq"
"395","chr17",12915178,12916178,"Mrpl18"
"396","chr7",142387324,142388324,"Ctsd"
"397","chr19",5365685,5366685,"Banf1"
"398","chr13",49187286,49188286,"Ninj1"
"399","chr5",140829708,140830708,"Gna12"
"400","chr9",20651878,20652878,"Pin1"
"401","chr1",157411870,157412870,"2810025M15Rik"
"402","chr16",93883788,93884788,"Chaf1b"
"403","chr8",13159184,13160184,"Lamp1"
"404","chr6",66896565,66897565,"Gng12"
"405","chr8",106150182,106151182,"Pla2g15"
"406","chr8",106149554,106150554,"Pla2g15"
"407","chr2",27475021,27476021,"Brd3"
"408","chr2",27474305,27475305,"Brd3"
"409","chr11",102924311,102925311,"Kif18b"
"410","chr9",106280582,106281582,"Poc1a"
"411","chr9",106280582,106281582,"Poc1a"
"412","chr2",32236239,32237239,"Pomt1"
"413","chr17",25867983,25868983,"Mcrip2"
"414","chr11",69670541,69671541,"Eif4a1"
"415","chr2",122610951,122611951,"Gatm"
"416","chr15",73748281,73749281,"Ptp4a3"
"417","chr15",73724673,73725673,"Ptp4a3"
"418","chr15",58933550,58934550,"Ndufb9"
"419","chr5",136084526,136085526,"Rasa4"
"420","chr5",136083825,136084825,"Rasa4"
"421","chr5",136083825,136084825,"Rasa4"
"422","chr4",119292470,119293470,"Ybx1"
"423","chr4",119293036,119294036,"Ybx1"
"424","chr12",8499905,8500905,"Rhob"
"425","chr12",8499165,8500165,"Rhob"
"426","chr11",69846458,69847458,"Plscr3"
"427","chr11",69846458,69847458,"Plscr3"
"428","chr11",69845836,69846836,"Plscr3"
"429","chr11",59947819,59948819,"Med9"
"430","chr15",81925332,81926332,"Polr3h"
"431","chr10",86704646,86705646,"Hsp90b1"
"432","chr10",81069876,81070876,"Thop1"
"433","chr4",57141385,57142385,"Epb41l4b"
"434","chr4",57142145,57143145,"Epb41l4b"
"435","chr6",145121642,145122642,"Lrmp"
"436","chr6",145122470,145123470,"Lrmp"
"437","chr2",174438398,174439398,"Ctsz"
"438","chr10",84533707,84534707,"Ckap4"
"439","chr2",30048282,30049282,"Wdr34"
"440","chr10",80264870,80265870,"Dazap1"
"441","chr4",57956199,57957199,"Txn1"
"442","chr4",57955397,57956397,"Txn1"
"443","chr7",19149496,19150496,"Snrpd2"
"444","chr9",106892056,106893056,"Manf"
"445","chr9",106891158,106892158,"Manf"
"446","chr13",54468266,54469266,"Thoc3"
"447","chr7",46058688,46059688,"Nomo1"
"448","chr7",46033574,46034574,"Nomo1"
"449","chr6",116337549,116338549,"March8"
"450","chr7",132551250,132552250,"Oat"
"451","chr7",132575643,132576643,"Oat"
"452","chr2",30062049,30063049,"Set"
"453","chr2",30067265,30068265,"Set"
"454","chr15",31600957,31601957,"Cct5"
"455","chr15",31600957,31601957,"Cct5"
"456","chr10",79793329,79794329,"Palm"
"457","chr10",80053628,80054628,"Gpx4"
"458","chr6",72097055,72098055,"St3gal5"
"459","chr8",71464652,71465652,"Mrpl34"
"460","chr13",37433960,37434960,"Ly86"
"461","chr13",37483391,37484391,"Ly86"
"462","chr1",191062814,191063814,"Nsl1"
"463","chr6",29215419,29216419,"Impdh1"
"464","chr7",16401294,16402294,"Zc3h4"
"465","chr7",16401948,16402948,"Zc3h4"
"466","chr12",69158032,69159032,"Rps29"
"467","chr11",69921521,69922521,"Eif5a"
"468","chr11",69920084,69921084,"Eif5a"
"469","chr15",35937234,35938234,"Cox6c"
"470","chr1",93668547,93669547,"Bok"
"471","chr16",18065819,18066819,"Dgcr6"
"472","chr2",85036478,85037478,"Ssrp1"
"473","chr10",80798631,80799631,"Sf3a2"
"474","chr5",38220292,38221292,"Lyar"
"475","chr11",98907616,98908616,"Cdc6"
"476","chr17",26938863,26939863,"Cuta"
"477","chr17",26938463,26939463,"Cuta"
"478","chr4",84884346,84885346,"Cntln"
"479","chr19",24279617,24280617,"Fxn"
"480","chr5",43841079,43842079,"Bst1"
"481","chr5",43807378,43808378,"Bst1"
"482","chr9",65586912,65587912,"Pif1"
"483","chr19",10604690,10605690,"Ddb1"
"484","chr19",10605407,10606407,"Ddb1"
"485","chr17",24723690,24724690,"Ndufb10"
"486","chr2",174415637,174416637,"Nelfcd"
"487","chr12",32060155,32061155,"Prkar2b"
"488","chr12",32060610,32061610,"Prkar2b"
"489","chr12",32060155,32061155,"Prkar2b"
"490","chr17",35058811,35059811,"Ddah2"
"491","chr5",124445618,124446618,"Kmt5a"
"492","chr5",124439709,124440709,"Kmt5a"
"493","chr3",121427472,121428472,"Cnn3"
"494","chr3",121426295,121427295,"Cnn3"
"495","chr3",121426833,121427833,"Cnn3"
"496","chr4",62524491,62525491,"Pole3"
"497","chr10",128231939,128232939,"Timeless"
"498","chr9",66945278,66946278,"Rps27l"
"499","chr13",23555801,23556801,"Hist1h1d"
"500","chr19",9983093,9984093,"Fth1"
"501","chr16",11066071,11067071,"Snn"
"502","chr16",11066662,11067662,"Snn"
"503","chr7",25680409,25681409,"B9d2"
"504","chr5",135778801,135779801,"Mdh2"
"505","chr9",79759617,79760617,"Cox7a2"
"506","chr9",79758922,79759922,"Cox7a2"
"507","chr10",81357346,81358346,"Mfsd12"
"508","chr17",33684293,33685293,"Hnrnpm"
"509","chr11",96788877,96789877,"Cbx1"
"510","chr16",33829634,33830634,"Itgb5"
"511","chr6",88897866,88898866,"Mcm2"
"512","chr9",118925283,118926283,"Ctdspl"
"513","chr9",118925782,118926782,"Ctdspl"
"514","chr13",73327736,73328736,"Ndufs6"
"515","chr11",4703547,4704547,"Uqcr10"
"516","chr7",141130989,141131989,"Ptdss2"
"517","chr5",140419286,140420286,"Eif3b"
"518","chr5",140418092,140419092,"Eif3b"
"519","chr4",148591468,148592468,"Srm"
"520","chr4",148591468,148592468,"Srm"
"521","chr6",124828221,124829221,"Usp5"
"522","chr6",124828787,124829787,"Usp5"
"523","chr19",20390022,20391022,"Anxa1"
"524","chr11",114669300,114670300,"Rpl38"
"525","chr11",114668497,114669497,"Rpl38"
"526","chr16",18392381,18393381,"Arvcf"
"527","chr7",98177509,98178509,"Capn5"
"528","chr8",57486326,57487326,"Sap30"
"529","chr6",24527375,24528375,"Ndufa5"
"530","chr6",24526787,24527787,"Ndufa5"
"531","chr17",87796328,87797328,"Kcnk12"
"532","chr3",107895416,107896416,"Gstm5"
"533","chr10",127521792,127522792,"Shmt2"
"534","chr7",25297252,25298252,"Pafah1b3"
"535","chr7",25297252,25298252,"Pafah1b3"
"536","chr14",65805700,65806700,"Pbk"
"537","chr13",24760733,24761733,"Gmnn"
"538","chr13",24761463,24762463,"Gmnn"
"539","chr17",56304070,56305070,"Uhrf1"
"540","chr4",138303752,138304752,"Ddost"
"541","chr7",52005862,52006862,"Svip"
"542","chr7",52005112,52006112,"Svip"
"543","chr2",168279951,168280951,"Kcng1"
"544","chr10",13007606,13008606,"Sf3b5"
"545","chr10",13008315,13009315,"Sf3b5"
"546","chr8",53638103,53639103,"Neil3"
"547","chr8",53638103,53639103,"Neil3"
"548","chr4",144892796,144893796,"Dhrs3"
"549","chr4",141301260,141302260,"Epha2"
"550","chr11",97415520,97416520,"Arhgap23"
"551","chr11",97415055,97416055,"Arhgap23"
"552","chr11",97434656,97435656,"Arhgap23"
"553","chr13",44981575,44982575,"Dtnbp1"
"554","chr13",45001475,45002475,"Dtnbp1"
"555","chr3",88297048,88298048,"Cct3"
"556","chrX",136171466,136172466,"Tceal8"
"557","chr5",75575550,75576550,"Kit"
"558","chr9",109875766,109876766,"Cdc25a"
"559","chr19",6084562,6085562,"Cdca5"
"560","chr19",6084562,6085562,"Cdca5"
"561","chr1",33757178,33758178,"Bag2"
"562","chr7",44547946,44548946,"Pold1"
"563","chr18",35830118,35831118,"Cxxc5"
"564","chr18",35889672,35890672,"Cxxc5"
"565","chr3",88579368,88580368,"Ssr2"
"566","chr3",88592651,88593651,"Ssr2"
"567","chr8",71405700,71406700,"Ankle1"
"568","chr7",30729013,30730013,"Tmem147"
"569","chr7",25688066,25689066,"Tgfb1"
"570","chr19",38931151,38932151,"Hells"
"571","chr19",38930001,38931001,"Hells"
"572","chr8",123477562,123478562,"Afg3l1"
"573","chr7",3617163,3618163,"Ndufa3"
"574","chr5",140388518,140389518,"Snx8"
"575","chr2",119617627,119618627,"Nusap1"
"576","chr19",6045602,6046602,"Syvn1"
"577","chr5",129020739,129021739,"Ran"
"578","chr6",52012543,52013543,"Skap2"
"579","chr6",52011813,52012813,"Skap2"
"580","chr5",135187620,135188620,"Baz1b"
"581","chr5",135187019,135188019,"Baz1b"
"582","chr16",84834162,84835162,"Atp5j"
"583","chr6",72389707,72390707,"Vamp8"
"584","chr1",153486499,153487499,"Dhx9"
"585","chr1",153486499,153487499,"Dhx9"
"586","chr11",98682435,98683435,"Psmd3"
"587","chr11",98681578,98682578,"Psmd3"
"588","chr17",33889907,33890907,"Kifc1"
"589","chr11",76945655,76946655,"Blmh"
"590","chr11",76945187,76946187,"Blmh"
"591","chr3",8923180,8924180,"Mrps28"
"592","chr9",31210990,31211990,"Aplp2"
"593","chr9",31211708,31212708,"Aplp2"
"594","chr3",94932655,94933655,"Selenbp1"
"595","chr10",128082285,128083285,"Atp5b"
"596","chr10",128083328,128084328,"Atp5b"
"597","chr10",128083328,128084328,"Atp5b"
"598","chr11",120484195,120485195,"Mrpl12"
"599","chr14",13933069,13934069,"Thoc7"
"600","chr14",13961176,13962176,"Thoc7"
"601","chr14",13901343,13902343,"Thoc7"
"602","chr14",13960223,13961223,"Thoc7"
"603","chr4",140987004,140988004,"Atp13a2"
"604","chr7",35554569,35555569,"Nudt19"
"605","chr11",55460404,55461404,"Atox1"
"606","chr2",25271274,25272274,"Ssna1"
"607","chr8",80492808,80493808,"Gypa"
"608","chr8",80394364,80395364,"Gypa"
"609","chr8",124662354,124663354,"2310022B05Rik"
"610","chr1",135687412,135688412,"Csrp1"
"611","chr1",135728871,135729871,"Csrp1"
"612","chr1",135688039,135689039,"Csrp1"
"613","chr2",164497087,164498087,"Pigt"
"614","chr7",48880246,48881246,"E2f8"
"615","chr7",48881392,48882392,"E2f8"
"616","chr2",78869668,78870668,"Ube2e3"
"617","chr9",90054422,90055422,"Ctsh"
"618","chr4",115095496,115096496,"Pdzk1ip1"
"619","chr11",29373450,29374450,"Ccdc88a"
"620","chr11",29372817,29373817,"Ccdc88a"
"621","chr4",41274583,41275583,"Ubap2"
"622","chr7",120842795,120843795,"Eef2k"
"623","chr7",120843185,120844185,"Eef2k"
"624","chr7",120834806,120835806,"Eef2k"
"625","chr7",120835475,120836475,"Eef2k"
"626","chr4",133241001,133242001,"Map3k6"
"627","chr9",59657007,59658007,"Pkm"
"628","chr9",59655638,59656638,"Pkm"
"629","chr9",59656345,59657345,"Pkm"
"630","chr5",136986977,136987977,"Plod3"
"631","chr13",23684419,23685419,"Hist1h2bc"
"632","chr6",67267717,67268717,"Serbp1"
"633","chr15",61985504,61986504,"Myc"
"634","chr17",33824311,33825311,"Ndufa7"
"635","chr2",73910139,73911139,"Atp5g3"
"636","chr2",73911163,73912163,"Atp5g3"
"637","chr2",113848371,113849371,"Arhgap11a"
"638","chr2",113847464,113848464,"Arhgap11a"
"639","chrX",73921169,73922169,"Naa10"
"640","chr17",14960099,14961099,"Phf10"
"641","chr10",127311322,127312322,"Mars"
"642","chr17",87446089,87447089,"Calm2"
"643","chr17",87445236,87446236,"Calm2"
"644","chr12",116262475,116263475,"Wdr60"
"645","chr6",115994743,115995743,"Plxnd1"
"646","chr16",36070673,36071673,"Fam162a"
"647","chr2",26627895,26628895,"Dipk1b"
"648","chr2",26627895,26628895,"Dipk1b"
"649","chr9",110130899,110131899,"Smarcc1"
"650","chr9",110131928,110132928,"Smarcc1"
"651","chr9",110131235,110132235,"Smarcc1"
"652","chr15",84191771,84192771,"Samm50"
"653","chr15",84191771,84192771,"Samm50"
"654","chr9",60794360,60795360,"Uaca"
"655","chr9",60794360,60795360,"Uaca"
"656","chr9",57520486,57521486,"Cox5a"
"657","chr9",57521422,57522422,"Cox5a"
"658","chr9",57521070,57522070,"Cox5a"
"659","chr4",52439071,52440071,"Smc2"
"660","chr3",96300394,96301394,"Fcgr1"
"661","chr11",120086121,120087121,"Cep131"
"662","chr11",95841300,95842300,"Gngt2"
"663","chr5",136116469,136117469,"Polr2j"
"664","chr17",46031215,46032215,"Vegfa"
"665","chr17",46029824,46030824,"Vegfa"
"666","chr18",12861633,12862633,"Osbpl1a"
"667","chr18",12941192,12942192,"Osbpl1a"
"668","chr5",114774914,114775914,"Ankrd13a"
"669","chr18",64488503,64489503,"Fech"
"670","chr4",3678489,3679489,"Lyn"
"671","chr4",3677883,3678883,"Lyn"
"672","chr9",61945795,61946795,"Kif23"
"673","chr10",75061889,75062889,"Bcr"
"674","chr5",115327285,115328285,"Srsf9"
"675","chr5",115326339,115327339,"Srsf9"
"676","chr5",115326789,115327789,"Srsf9"
"677","chr5",115327671,115328671,"Srsf9"
"678","chr7",47050268,47051268,"Tmem86a"
"679","chr7",47050268,47051268,"Tmem86a"
"680","chr4",43507956,43508956,"Arhgef39"
"681","chr15",12824531,12825531,"Drosha"
"682","chr1",152624143,152625143,"Rgl1"
"683","chr17",27133281,27134281,"Uqcc2"
"684","chr14",54781143,54782143,"Slc7a8"
"685","chr7",140881000,140882000,"Sirt3"
"686","chr8",123982667,123983667,"Abcb10"
"687","chr17",26094787,26095787,"Nme4"
"688","chr1",194939026,194940026,"Cd34"
"689","chr4",130792348,130793348,"Sdc3"
"690","chr4",116123209,116124209,"Rad54l"
"691","chr11",51605296,51606296,"Hnrnpab"
"692","chr11",51606737,51607737,"Hnrnpab"
"693","chr11",51606011,51607011,"Hnrnpab"
"694","chr5",34949023,34950023,"Rgs12"
"695","chr5",34949023,34950023,"Rgs12"
"696","chr2",32876003,32877003,"Fam129b"
"697","chr2",32875418,32876418,"Fam129b"
"698","chr15",82016412,82017412,"Xrcc6"
"699","chr15",82023061,82024061,"Xrcc6"
"700","chr15",82022674,82023674,"Xrcc6"
"701","chr5",136986132,136987132,"Znhit1"
"702","chr2",154791181,154792181,"Raly"
"703","chr2",154791730,154792730,"Raly"
"704","chr2",154733893,154734893,"Raly"
"705","chr11",101119901,101120901,"Tubg1"
"706","chr11",114889790,114890790,"Cd300a"
"707","chr1",172312105,172313105,"Igsf8"
"708","chr1",172311371,172312371,"Igsf8"
"709","chr4",118620412,118621412,"Ebna1bp2"
"710","chr11",8663747,8664747,"Tns3"
"711","chr11",8623857,8624857,"Tns3"
"712","chr11",8663747,8664747,"Tns3"
"713","chr1",167283647,167284647,"Uck2"
"714","chr1",167283647,167284647,"Uck2"
"715","chr15",98934531,98935531,"Tuba1b"
"716","chr15",98933420,98934420,"Tuba1b"
"717","chr15",98933420,98934420,"Tuba1b"
"718","chr1",36691364,36692364,"Cox5b"
"719","chr8",47947560,47948560,"Wwc2"
"720","chr8",47989537,47990537,"Wwc2"
"721","chr18",36725547,36726547,"Cd14"
"722","chr11",70982200,70983200,"C1qbp"
"723","chr7",24507201,24508201,"Zfp428"
"724","chr13",83524679,83525679,"Mef2c"
"725","chr13",83517709,83518709,"Mef2c"
"726","chr1",136466177,136467177,"Kif14"
"727","chr6",70792099,70793099,"Rpia"
"728","chr6",70791172,70792172,"Rpia"
"729","chr17",71310645,71311645,"Emilin2"
"730","chr16",32179740,32180740,"Bex6"
"731","chr19",44554524,44555524,"Ndufb8"
"732","chr10",62946640,62947640,"Dna2"
"733","chr13",55361920,55362920,"Lman2"
"734","chr17",34850153,34851153,"Nelfe"
"735","chr14",31018090,31019090,"Gnl3"
"736","chr2",53190318,53191318,NA
"737","chr8",69183561,69184561,NA
"738","chr2",53190318,53191318,NA
"739","chr10",18196841,18197841,NA
"740","chr8",107096288,107097288,NA
"741","chr9",48266689,48267689,"Nxpe2"
"742","chr4",129189897,129190897,"Yars"
"743","chr4",129189529,129190529,"Yars"
"744","chr2",155826128,155827128,"Eif6"
"745","chr11",69661746,69662746,"Mpdu1"
"746","chr11",51650569,51651569,"N4bp3"
"747","chr15",68928582,68929582,"Khdrbs3"
"748","chr9",121995169,121996169,"Pomgnt2"
"749","chr6",138139788,138140788,"Mgst1"
"750","chr4",97772470,97773470,"Nfia"
"751","chr4",97757241,97758241,"Nfia"
"752","chr2",26020906,26021906,"Ubac1"
"753","chr5",139459794,139460794,"3110082I17Rik"
"754","chr11",117809808,117810808,"Syngr2"
"755","chrX",7899197,7900197,"Timm17b"
"756","chr5",137600730,137601730,"Mospd3"
"757","chr5",137600730,137601730,"Mospd3"
"758","chr2",119618461,119619461,"Oip5"
"759","chr17",27621800,27622800,"Nudt3"
"760","chr17",27623363,27624363,"Nudt3"
"761","chr17",27622539,27623539,"Nudt3"
"762","chr12",36041250,36042250,"Tspan13"
"763","chr3",58525814,58526814,"Serp1"
"764","chr6",91472510,91473510,"Chchd4"
"765","chr1",153332201,153333201,"Lamc1"
"766","chr1",153331627,153332627,"Lamc1"
"767","chr17",34264215,34265215,"H2-Ab1"
"768","chr11",120726652,120727652,"Dcxr"
"769","chr5",151650410,151651410,"Rfc3"
"770","chr5",151649858,151650858,"Rfc3"
"771","chr3",52069346,52070346,"Maml3"
"772","chr3",52103096,52104096,"Maml3"
"773","chr3",52179210,52180210,"Maml3"
"774","chr3",52103988,52104988,"Maml3"
"775","chr18",35661294,35662294,"Spata24"
"776","chr10",62506208,62507208,"Srgn"
"777","chr10",62506992,62507992,"Srgn"
"778","chr10",62507698,62508698,"Srgn"
"779","chr4",124714747,124715747,"Sf3a3"
"780","chr17",34959160,34960160,"Hspa1b"
"781","chr11",116004648,116005648,"Galk1"
"782","chr11",116011812,116012812,"Galk1"
"783","chr11",106749526,106750526,"Milr1"
"784","chr11",106749526,106750526,"Milr1"
"785","chr17",57011289,57012289,"Gtf2f1"
"786","chr16",11253164,11254164,"Gspt1"
"787","chr10",77032485,77033485,"Slc19a1"
"788","chr4",132768263,132769263,"Rpa2"
"789","chr15",84986929,84987929,"5031439G07Rik"
"790","chr10",94688476,94689476,"Cep83"
"791","chr15",34081470,34082470,"Mtdh"
"792","chr15",34083011,34084011,"Mtdh"
"793","chr15",34081470,34082470,"Mtdh"
"794","chr11",72441271,72442271,"Mybbp1a"
"795","chr11",72440610,72441610,"Mybbp1a"
"796","chr12",101975780,101976780,"Cpsf2"
"797","chr12",101975035,101976035,"Cpsf2"
"798","chr8",121906410,121907410,"Slc7a5"
"799","chr8",121906410,121907410,"Slc7a5"
"800","chr1",93342000,93343000,"Pask"
"801","chr17",29033082,29034082,"Srsf3"
"802","chr1",131910606,131911606,"Nucks1"
"803","chr2",152397991,152398991,"Sox12"
"804","chr2",152396873,152397873,"Sox12"
"805","chrX",105078986,105079986,"Pbdc1"
"806","chrX",105079667,105080667,"Pbdc1"
"807","chr3",96629722,96630722,"Rbm8a"
"808","chr4",45798797,45799797,"Aldh1b1"
"809","chr12",70226645,70227645,"Pygl"
"810","chr12",70227038,70228038,"Pygl"
"811","chr17",24469495,24470495,"Pgp"
"812","chr6",126938927,126939927,"Rad51ap1"
"813","chr10",81377680,81378680,"Fzr1"
"814","chr10",81378528,81379528,"Fzr1"
"815","chr11",32205112,32206112,"Snrnp25"
"816","chr18",80255703,80256703,"Pqlc1"
"817","chr18",80255116,80256116,"Pqlc1"
"818","chr6",85451232,85452232,"Cct7"
"819","chr10",40141050,40142050,"Slc16a10"
"820","chr1",175880397,175881397,"Exo1"
"821","chr5",23843910,23844910,"Tomm7"
"822","chr15",74955496,74956496,"Ly6e"
"823","chr15",74955496,74956496,"Ly6e"
"824","chr6",136808532,136809532,"H2afj"
"825","chr17",56475609,56476609,"Ptprs"
"826","chr17",56475609,56476609,"Ptprs"
"827","chr17",56461256,56462256,"Ptprs"
"828","chr10",79959848,79960848,"Wdr18"
"829","chr4",107367603,107368603,"Ndc1"
"830","chr6",73248177,73249177,"Suclg1"
"831","chr6",73248177,73249177,"Suclg1"
"832","chr5",34636272,34637272,"Mfsd10"
"833","chr11",34833201,34834201,"Spdl1"
"834","chr11",34833201,34834201,"Spdl1"
"835","chr4",9668146,9669146,"Asph"
"836","chr7",79659230,79660230,"Ticrr"
"837","chr7",79660034,79661034,"Ticrr"
"838","chr16",18876717,18877717,"Hira"
"839","chr10",75859364,75860364,"Mif"
"840","chr12",57211176,57212176,"Slc25a21"
"841","chr13",100785831,100786831,"Ccnb1"
"842","chr2",158768080,158769080,"Fam83d"
"843","chr19",3685693,3686693,"Lrp5"
"844","chr19",3685693,3686693,"Lrp5"
"845","chr1",191821261,191822261,"Nek2"
"846","chr1",191821261,191822261,"Nek2"
"847","chr6",30401988,30402988,"Klhdc10"
"848","chr6",30401570,30402570,"Klhdc10"
"849","chr6",30400843,30401843,"Klhdc10"
"850","chr2",5844709,5845709,"Cdc123"
"851","chr15",25622492,25623492,"Myo10"
"852","chr15",25773650,25774650,"Myo10"
"853","chr7",109703617,109704617,"Akip1"
"854","chr7",109703617,109704617,"Akip1"
"855","chr17",46110628,46111628,"Mrps18a"
"856","chr5",30906897,30907897,"Ost4"
"857","chr13",54071647,54072647,"Sfxn1"
"858","chr13",54072128,54073128,"Sfxn1"
"859","chr13",49652015,49653015,"Cenpp"
"860","chr2",32846522,32847522,"Stxbp1"
"861","chr2",32845793,32846793,"Stxbp1"
"862","chr1",55088086,55089086,"Hspd1"
"863","chr1",55086918,55087918,"Hspd1"
"864","chr10",89443126,89444126,"Gas2l3"
"865","chr13",54589297,54590297,"Nop16"
"866","chr12",112673426,112674426,"Akt1"
"867","chr18",77773788,77774788,"Haus1"
"868","chr18",77766895,77767895,"Haus1"
"869","chr18",77773788,77774788,"Haus1"
"870","chr2",53190318,53191318,NA
"871","chr8",69183561,69184561,NA
"872","chr2",53190318,53191318,NA
"873","chr10",18196841,18197841,NA
"874","chr8",107096288,107097288,NA
"875","chr17",74315486,74316486,"Dpy30"
"876","chr9",60687461,60688461,"Lrrc49"
"877","chr3",122245217,122246217,"Gclm"
"878","chr14",46760430,46761430,"Cdkn3"
"879","chr19",6941471,6942471,"Bad"
"880","chr19",6951404,6952404,"Bad"
"881","chr19",6950868,6951868,"Bad"
"882","chr11",78536295,78537295,"Ift20"
"883","chr2",53190318,53191318,NA
"884","chr8",69183561,69184561,NA
"885","chr2",53190318,53191318,NA
"886","chr10",18196841,18197841,NA
"887","chr8",107096288,107097288,NA
"888","chr10",128625685,128626685,"Rps26"
"889","chr2",163054453,163055453,"Mybl2"
"890","chr2",163054453,163055453,"Mybl2"
"891","chr11",59662105,59663105,"Mprip"
"892","chr11",59662105,59663105,"Mprip"
"893","chr1",132390859,132391859,"Tmcc2"
"894","chr1",132390859,132391859,"Tmcc2"
"895","chr7",127745893,127746893,"Fbxl19"
"896","chr7",127744663,127745663,"Fbxl19"
"897","chr2",32646541,32647541,"Eng"
"898","chr2",39007903,39008903,"Arpc5l"
"899","chr2",53190318,53191318,NA
"900","chr8",69183561,69184561,NA
"901","chr2",53190318,53191318,NA
"902","chr10",18196841,18197841,NA
"903","chr8",107096288,107097288,NA
"904","chr9",114368220,114369220,"4930520O04Rik"
"905","chr9",43239159,43240159,"Oaf"
"906","chr11",87126887,87127887,"Trim37"
"907","chr6",28423427,28424427,"Arf5"
"908","chr16",32430610,32431610,"Pcyt1a"
"909","chr16",32430072,32431072,"Pcyt1a"
"910","chr17",35968877,35969877,"Abcf1"
"911","chr17",35969586,35970586,"Abcf1"
"912","chr19",3912765,3913765,"Ndufs8"
"913","chr19",3912065,3913065,"Ndufs8"
"914","chr5",145190705,145191705,"Atp5j2"
"915","chr2",163749447,163750447,"Ada"
"916","chr4",135353402,135354402,"Srrm1"
"917","chr4",135352183,135353183,"Srrm1"
"918","chr12",105962619,105963619,"Vrk1"
"919","chr5",21784146,21785146,"Dnajc2"
"920","chr1",152807668,152808668,"Ncf2"
"921","chr6",146633628,146634628,"Tm7sf3"
"922","chr15",76904052,76905052,"Rpl8"
"923","chr11",5877352,5878352,"Pold2"
"924","chr9",109832357,109833357,"Nme6"
"925","chr11",116273264,116274264,"Srp68"
"926","chr2",53190318,53191318,NA
"927","chr8",69183561,69184561,NA
"928","chr2",53190318,53191318,NA
"929","chr10",18196841,18197841,NA
"930","chr8",107096288,107097288,NA
"931","chr15",10469421,10470421,"Dnajc21"
"932","chr1",160213080,160214080,"Cacybp"
"933","chr1",160211576,160212576,"Cacybp"
"934","chr1",160212237,160213237,"Cacybp"
"935","chr1",160212744,160213744,"Cacybp"
"936","chr17",24736359,24737359,"Msrb1"
"937","chr5",125441289,125442289,"Bri3bp"
"938","chr2",14055278,14056278,"Hacd1"
"939","chr15",97705595,97706595,"Rpap3"
"940","chr15",97704936,97705936,"Rpap3"
"941","chr15",97663559,97664559,"Rpap3"
"942","chr6",86523907,86524907,"Pcbp1"
"943","chr6",86525064,86526064,"Pcbp1"
"944","chr2",93187862,93188862,"Trp53i11"
"945","chr2",93187862,93188862,"Trp53i11"
"946","chr2",53190318,53191318,NA
"947","chr8",69183561,69184561,NA
"948","chr2",53190318,53191318,NA
"949","chr10",18196841,18197841,NA
"950","chr8",107096288,107097288,NA
"951","chr18",34750772,34751772,"Cdc25c"
"952","chr18",34751437,34752437,"Cdc25c"
"953","chr9",83145881,83146881,"Hmgn3"
"954","chr13",100651336,100652336,"Taf9"
"955","chr16",20672642,20673642,"Eif4g1"
"956","chr7",17027305,17028305,"Ppp5c"
"957","chr11",21572015,21573015,"Wdpcp"
"958","chr13",81782924,81783924,"Cetn3"
"959","chr16",35489972,35490972,"Pdia5"
"960","chr4",139192831,139193831,"Capzb"
"961","chr4",139191954,139192954,"Capzb"
"962","chr10",59702459,59703459,"Micu1"
"963","chr8",68276738,68277738,"Sh2d4a"
"964","chr11",120712927,120713927,"Cenpx"
"965","chr15",83463686,83464686,"Pacsin2"
"966","chr19",53600231,53601231,"Smc3"
"967","chr18",35498149,35499149,"Sil1"
"968","chr13",73466969,73467969,"Lpcat1"
"969","chr9",89704154,89705154,"Tmed3"
"970","chr15",83594184,83595184,"Ttll12"
"971","chr7",125490744,125491744,"Nsmce1"
"972","chr2",36230423,36231423,"Ptgs1"
"973","chr7",143599295,143600295,"Cars"
"974","chr13",19618930,19619930,"Epdr1"
"975","chr10",110745143,110746143,"E2f7"
"976","chr19",6117252,6118252,"Sac3d1"
"977","chr2",72285658,72286658,"Map3k20"
"978","chr7",143069287,143070287,"Tssc4"
"979","chr19",8892849,8893849,"Ints5"
"980","chr8",12976726,12977726,"Mcf2l"
"981","chr17",80224155,80225155,"Gemin6"
"982","chr17",80224155,80225155,"Gemin6"
"983","chr19",4961917,4962917,"Mrpl11"
"984","chr11",87107968,87108968,"Prr11"
"985","chr11",6624866,6625866,"Tbrg4"
"986","chr14",51063176,51064176,"Rnase12"
"987","chr4",129513753,129514753,"Marcksl1"
"988","chr4",129513291,129514291,"Marcksl1"
"989","chr5",137778450,137779450,"Ppp1r35"
"990","chr5",33274439,33275439,"Ctbp1"
"991","chr5",33274875,33275875,"Ctbp1"
"992","chr4",44300653,44301653,"Melk"
"993","chr17",66101403,66102403,"Ndufv2"
"994","chr17",66100623,66101623,"Ndufv2"
"995","chr11",3514101,3515101,"Selenom"
"996","chr15",81744383,81745383,"Zc3h7b"
"997","chr15",81745023,81746023,"Zc3h7b"
"998","chr7",45394714,45395714,"Snrnp70"
"999","chr7",45395662,45396662,"Snrnp70"
"1000","chr17",46143606,46144606,"Rsph9"
"1001","chr6",67036518,67037518,"Gadd45a"
"1002","chr17",46751383,46752383,"Cnpy3"
"1003","chr17",46750736,46751736,"Cnpy3"
"1004","chr2",84798735,84799735,"Ube2l6"
"1005","chr9",57261418,57262418,"1700017B05Rik"
"1006","chr9",57261418,57262418,"1700017B05Rik"
"1007","chr19",5731104,5732104,"Znrd2"
"1008","chr4",134396019,134397019,"Pafah2"
"1009","chr5",88765194,88766194,"Dck"
"1010","chr19",4011940,4012940,"Ndufv1"
"1011","chr11",70525147,70526147,"Psmb6"
"1012","chr2",32712258,32713258,"Cdk9"
"1013","chr8",60890360,60891360,"Hpf1"
"1014","chr10",117223760,117224760,"Yeats4"
"1015","chr10",117223760,117224760,"Yeats4"
"1016","chr7",127345250,127346250,"Zfp768"
"1017","chr17",34952310,34953310,"1110038B12Rik"
"1018","chr19",38043294,38044294,"Myof"
"1019","chr9",15306292,15307292,"4931406C07Rik"
"1020","chr9",22411272,22412272,"9530077C05Rik"
"1021","chr8",70673225,70674225,"Lsm4"
"1022","chr3",127790128,127791128,"Tifa"
"1023","chr3",127790776,127791776,"Tifa"
"1024","chr1",191312371,191313371,"Nenf"
"1025","chr1",191317388,191318388,"Nenf"
"1026","chr2",53190318,53191318,NA
"1027","chr8",69183561,69184561,NA
"1028","chr2",53190318,53191318,NA
"1029","chr10",18196841,18197841,NA
"1030","chr8",107096288,107097288,NA
"1031","chr7",4673734,4674734,"Hspbp1"
"1032","chr7",4684172,4685172,"Hspbp1"
"1033","chr7",30280345,30281345,"Wdr62"
"1034","chr11",75733160,75734160,"Ywhae"
"1035","chr8",123442788,123443788,"Def8"
"1036","chr10",95677110,95678110,"Nudt4"
"1037","chr10",95563275,95564275,"Nudt4"
"1038","chr16",15862882,15863882,"Mzt2"
"1039","chr16",15862222,15863222,"Mzt2"
"1040","chr5",139735622,139736622,"Micall2"
"1041","chr17",24707295,24708295,"Tbl3"
"1042","chr1",120264320,120265320,"Steap3"
"1043","chr4",101646938,101647938,"Leprot"
"1044","chr4",101646938,101647938,"Leprot"
"1045","chr2",122764864,122765864,"Sqor"
"1046","chr8",111337367,111338367,"Mlkl"
"1047","chr8",111337367,111338367,"Mlkl"
"1048","chr18",38249481,38250481,"1700086O06Rik"
"1049","chr10",5804773,5805773,"Fbxo5"
"1050","chr10",5803680,5804680,"Fbxo5"
"1051","chr2",153108184,153109184,"Hck"
"1052","chr2",173658916,173659916,"Ppp4r1l-ps"
"1053","chr9",37254743,37255743,"Slc37a2"
"1054","chr7",38107464,38108464,"Ccne1"
"1055","chr7",38084905,38085905,"Ccne1"
"1056","chr7",38106370,38107370,"Ccne1"
"1057","chr15",84681320,84682320,"Prr5"
"1058","chr8",105297552,105298552,"E2f4"
"1059","chr13",32338573,32339573,"Gmds"
"1060","chr2",155929547,155930547,"Uqcc1"
"1061","chr5",136135578,136136578,"Lrwd1"
"1062","chr4",139130872,139131872,"Micos10"
"1063","chr4",139130372,139131372,"Micos10"
"1064","chr4",139129878,139130878,"Micos10"
"1065","chr2",27515051,27516051,"Wdr5"
"1066","chr2",27539856,27540856,"Wdr5"
"1067","chr19",8871061,8872061,"Ubxn1"
"1068","chr8",120667154,120668154,"Emc8"
"1069","chr2",53190318,53191318,NA
"1070","chr8",69183561,69184561,NA
"1071","chr2",53190318,53191318,NA
"1072","chr10",18196841,18197841,NA
"1073","chr8",107096288,107097288,NA
"1074","chr10",82859122,82860122,"Txnrd1"
"1075","chr10",82859753,82860753,"Txnrd1"
"1076","chr2",38511477,38512477,"Nek6"
"1077","chr10",75517616,75518616,"Snrpd3"
"1078","chr19",55741545,55742545,"Tcf7l2"
"1079","chr19",55742393,55743393,"Tcf7l2"
"1080","chr15",11398937,11399937,"Tars"
"1081","chr15",11399527,11400527,"Tars"
"1082","chr15",89356295,89357295,"Ncaph2"
"1083","chr15",89355698,89356698,"Ncaph2"
"1084","chr11",97782261,97783261,"Rpl23"
"1085","chr6",99665803,99666803,"Eif4e3"
"1086","chr6",99655198,99656198,"Eif4e3"
"1087","chr6",99665803,99666803,"Eif4e3"
"1088","chr6",87980674,87981674,"H1fx"
"1089","chr15",75641578,75642578,"Zfp41"
"1090","chr15",75615769,75616769,"Zfp41"
"1091","chr15",75616467,75617467,"Zfp41"
"1092","chr15",75641995,75642995,"Zfp41"
"1093","chr4",105157186,105158186,"Plpp3"
"1094","chr4",11558522,11559522,"Rad54b"
"1095","chr17",34981513,34982513,"Lsm2"
"1096","chr17",34981513,34982513,"Lsm2"
"1097","chr10",79984803,79985803,"Tmem259"
"1098","chr11",87987342,87988342,"Dynll2"
"1099","chr11",87986841,87987841,"Dynll2"
"1100","chr11",87986186,87987186,"Dynll2"
"1101","chr2",36048536,36049536,"Ndufa8"
"1102","chr7",100493317,100494317,"Ucp2"
"1103","chr4",133928863,133929863,"Hmgn2"
"1104","chr4",133966488,133967488,"Hmgn2"
"1105","chr19",53037685,53038685,"Xpnpep1"
"1106","chr2",35621580,35622580,"Dab2ip"
"1107","chr2",35661143,35662143,"Dab2ip"
"1108","chr7",27552481,27553481,"Pld3"
"1109","chr3",9974149,9975149,"Fabp5"
"1110","chr3",10012383,10013383,"Fabp5"
"1111","chr6",124813503,124814503,"Tpi1"
"1112","chr15",99030113,99031113,"Tuba1c"
"1113","chr10",81523154,81524154,"Gna15"
"1114","chr10",81523154,81524154,"Gna15"
"1115","chr9",44720814,44721814,"Phldb1"
"1116","chr9",44734113,44735113,"Phldb1"
"1117","chr9",20897868,20898868,"Eif3g"
"1118","chr19",10182762,10183762,"Fads1"
"1119","chr9",21160812,21161812,"Pde4a"
"1120","chr15",3270568,3271568,"Selenop"
"1121","chr7",45238126,45239126,"Cd37"
"1122","chr5",115118655,115119655,"Acads"
"1123","chr4",136835210,136836210,"Ephb2"
"1124","chr11",109610569,109611569,"Wipi1"
"1125","chr3",88552241,88553241,"Lamtor2"
"1126","chr2",143914719,143915719,"Dstn"
"1127","chr4",141077411,141078411,"Necap2"
"1128","chr4",141077411,141078411,"Necap2"
"1129","chr11",95414626,95415626,"Spop"
"1130","chr11",50025915,50026915,"Rnf130"
"1131","chr11",50025217,50026217,"Rnf130"
"1132","chr11",119023040,119024040,"Cbx2"
"1133","chr11",102248637,102249637,"BC030867"
"1134","chr9",64281347,64282347,"Tipin"
"1135","chr9",64281347,64282347,"Tipin"
"1136","chr15",78325809,78326809,"Csf2rb"
"1137","chr5",23711900,23712900,"AI506816"
"1138","chr3",102203449,102204449,"Vangl1"
"1139","chr17",45686107,45687107,"Mrpl14"
"1140","chr4",117886587,117887587,"Atp6v0b"
"1141","chr4",109676466,109677466,"Faf1"
"1142","chr4",109675823,109676823,"Faf1"
"1143","chr7",130546329,130547329,"Nsmce4a"
"1144","chr8",88361172,88362172,"Brd7"
"1145","chr16",21946618,21947618,"Tmem41a"
"1146","chr19",10041317,10042317,"Fads3"
"1147","chr4",45083944,45084944,"Fbxo10"
"1148","chr1",131138380,131139380,"Dyrk3"
"1149","chr11",74770586,74771586,"Mettl16"
"1150","chr9",107935573,107936573,"Camkv"
"1151","chr2",33886629,33887629,"Mvb12b"
"1152","chr2",33886629,33887629,"Mvb12b"
"1153","chr2",33887176,33888176,"Mvb12b"
"1154","chr13",22028541,22029541,"Hist1h2ah"
"1155","chr13",22034425,22035425,"Hist1h2ah"
"1156","chr13",22026367,22027367,"Hist1h2ah"
"1157","chr18",61044918,61045918,"Pdgfrb"
"1158","chr12",85110444,85111444,"Dlst"
"1159","chr12",85110444,85111444,"Dlst"
"1160","chr11",69015920,69016920,"Ctc1"
"1161","chr11",69011693,69012693,"Ctc1"
"1162","chrX",94541328,94542328,"Maged1"
"1163","chr1",171246273,171247273,"Ndufs2"
"1164","chr1",171247019,171248019,"Ndufs2"
"1165","chr16",20651126,20652126,"Psmd2"
"1166","chr12",65172603,65173603,"Mis18bp1"
"1167","chr12",65171925,65172925,"Mis18bp1"
"1168","chr5",122820451,122821451,"Anapc5"
"1169","chr5",122821104,122822104,"Anapc5"
"1170","chr5",102069350,102070350,"Wdfy3"
"1171","chr1",186748841,186749841,"Rrp15"
"1172","chr10",95394610,95395610,"Socs2"
"1173","chr4",152177828,152178828,"Acot7"
"1174","chr4",152177237,152178237,"Acot7"
"1175","chr1",71557092,71558092,"Atic"
"1176","chr3",67463341,67464341,"Lxn"
"1177","chr4",45319723,45320723,"Exosc3"
"1178","chr2",152961939,152962939,"Ttll9"
"1179","chr4",123139062,123140062,"Ppie"
"1180","chr13",32850542,32851542,"Serpinb1a"
"1181","chr3",89458882,89459882,"Pmvk"
"1182","chr18",61707018,61708018,"Pcyox1l"
"1183","chr18",61706516,61707516,"Pcyox1l"
"1184","chr10",93641175,93642175,"Ntn4"
"1185","chr7",45570225,45571225,"Bcat2"
"1186","chr9",50603666,50604666,"Timm8b"
"1187","chr14",54426247,54427247,"Mrpl52"
"1188","chr2",32287155,32288155,"Swi5"
"1189","chr11",106612882,106613882,"Tex2"
"1190","chr11",106611691,106612691,"Tex2"
"1191","chr7",78782591,78783591,"Mrpl46"
"1192","chr6",83114745,83115745,"Mogs"
"1193","chr14",99046333,99047333,"Bora"
"1194","chr8",83715222,83716222,"Ddx39"
"1195","chr13",69611865,69612865,"Nsun2"
"1196","chr14",57826166,57827166,"Mrpl57"
"1197","chr3",90433533,90434533,"Ints3"
"1198","chr11",102880199,102881199,"Eftud2"
"1199","chr4",149166816,149167816,"Pgd"
"1200","chr4",149165992,149166992,"Pgd"
"1201","chr19",7038958,7039958,"Stip1"
"1202","chr9",72661511,72662511,"Nedd4"
"1203","chr16",18088312,18089312,"Prodh"
"1204","chr6",29272600,29273600,"Hilpda"
"1205","chr7",138846065,138847065,"Ppp2r2d"
"1206","chr19",4614669,4615669,"Lrfn4"
"1207","chr19",4615101,4616101,"Lrfn4"
"1208","chr19",4615101,4616101,"Lrfn4"
"1209","chr16",32419469,32420469,"Tctex1d2"
"1210","chr4",86669442,86670442,"Plin2"
"1211","chr7",126759452,126760452,"Mapk3"
"1212","chr2",20967675,20968675,"Arhgap21"
"1213","chr17",29268806,29269806,"BC004004"
"1214","chr17",56830154,56831154,"Rfx2"
"1215","chr17",56830154,56831154,"Rfx2"
"1216","chr11",78512082,78513082,"Poldip2"
"1217","chr14",64439784,64440784,"Msra"
"1218","chr11",4986578,4987578,"Ap1b1"
"1219","chr16",32163705,32164705,"Nrros"
"1220","chr16",32164563,32165563,"Nrros"
"1221","chr16",32163705,32164705,"Nrros"
"1222","chr1",91413126,91414126,"Hes6"
"1223","chr1",91412545,91413545,"Hes6"
"1224","chr15",83554997,83555997,"Mcat"
"1225","chr15",83554630,83555630,"Mcat"
"1226","chr15",83555437,83556437,"Mcat"
"1227","chr7",141474561,141475561,"Polr2l"
"1228","chr2",129296394,129297394,"Ckap2l"
"1229","chr5",113014740,113015740,"Grk3"
"1230","chr11",120098585,120099585,"Ndufaf8"
"1231","chr3",59129732,59130732,"P2ry14"
"1232","chr3",59129732,59130732,"P2ry14"
"1233","chr6",116673565,116674565,"Rassf4"
"1234","chr10",93539693,93540693,"Amdhd1"
"1235","chr2",53190318,53191318,NA
"1236","chr8",69183561,69184561,NA
"1237","chr2",53190318,53191318,NA
"1238","chr10",18196841,18197841,NA
"1239","chr8",107096288,107097288,NA
"1240","chr16",91793400,91794400,"Itsn1"
"1241","chr7",123377697,123378697,"Lcmt1"
"1242","chr10",79908237,79909237,"Med16"
"1243","chr4",134467458,134468458,"Stmn1"
"1244","chr4",134468805,134469805,"Stmn1"
"1245","chr4",134468196,134469196,"Stmn1"
"1246","chr6",118418789,118419789,"Bms1"
"1247","chr19",46961180,46962180,"Nt5c2"
"1248","chr19",46961180,46962180,"Nt5c2"
"1249","chr8",123948431,123949431,"Nup133"
"1250","chr8",123949241,123950241,"Nup133"
"1251","chr13",23423439,23424439,"Abt1"
"1252","chr8",111853617,111854617,"Cfdp1"
"1253","chr8",111853171,111854171,"Cfdp1"
"1254","chr8",111853617,111854617,"Cfdp1"
"1255","chr8",110919547,110920547,"St3gal2"
"1256","chr8",110919547,110920547,"St3gal2"
"1257","chr17",5492451,5493451,"Zdhhc14"
"1258","chr17",5491809,5492809,"Zdhhc14"
"1259","chr5",137313697,137314697,"Trip6"
"1260","chr4",55650960,55651960,"Klf4"
"1261","chr4",55514603,55515603,"Klf4"
"1262","chr13",23739793,23740793,"Hist1h1c"
"1263","chr13",23739340,23740340,"Hist1h1c"
"1264","chr1",71101976,71102976,"Bard1"
"1265","chr2",27426144,27427144,"Vav2"
"1266","chr15",99874795,99875795,"Lima1"
"1267","chr17",35516149,35517149,"Tcf19"
"1268","chr11",101008589,101009589,"Atp6v0a1"
"1269","chr11",101009233,101010233,"Atp6v0a1"
"1270","chr8",70282764,70283764,"Homer3"
"1271","chr1",74713074,74714074,"Cyp27a1"
"1272","chr17",65771868,65772868,"Rab31"
"1273","chr18",66001777,66002777,"Lman1"
"1274","chr2",92375165,92376165,"Pex16"
"1275","chr2",92374474,92375474,"Pex16"
"1276","chr5",45669895,45670895,"Ncapg"
"1277","chr11",58927874,58928874,"Btnl10"
"1278","chr17",24850412,24851412,"Hagh"
"1279","chr6",38533634,38534634,"Fmc1"
"1280","chr6",38532886,38533886,"Fmc1"
"1281","chr6",38534012,38535012,"Fmc1"
"1282","chr5",135393594,135394594,"Pom121"
"1283","chr17",25184202,25185202,"BC003965"
"1284","chr17",25183782,25184782,"BC003965"
"1285","chr10",45000255,45001255,"Prep"
"1286","chr10",45067041,45068041,"Prep"
"1287","chr14",67714773,67715773,"Cdca2"
"1288","chr4",55350053,55351053,"Rad23b"
"1289","chr4",55350053,55351053,"Rad23b"
"1290","chr4",155760093,155761093,"Atad3a"
"1291","chr6",83349289,83350289,"Bola3"
"1292","chr6",55203049,55204049,"Mindy4"
"1293","chr2",104711600,104712600,"Tcp11l1"
"1294","chr11",4096556,4097556,"Mtfp1"
"1295","chr6",82773574,82774574,"Hk2"
"1296","chr6",82772520,82773520,"Hk2"
"1297","chr7",97696475,97697475,"Clns1a"
"1298","chr2",53190318,53191318,NA
"1299","chr8",69183561,69184561,NA
"1300","chr2",53190318,53191318,NA
"1301","chr10",18196841,18197841,NA
"1302","chr8",107096288,107097288,NA
"1303","chr17",26780743,26781743,"Bnip1"
"1304","chr9",44112919,44113919,"Rnf26"
"1305","chr11",3931354,3932354,"Tcn2"
"1306","chr5",101764479,101765479,"Cds1"
"1307","chr5",101765222,101766222,"Cds1"
"1308","chr7",4657863,4658863,"Ppp6r1"
"1309","chr10",80116470,80117470,"Stk11"
"1310","chr5",31220506,31221506,"Ppm1g"
"1311","chr5",31219508,31220508,"Ppm1g"
"1312","chr5",31219993,31220993,"Ppm1g"
"1313","chr5",31219508,31220508,"Ppm1g"
"1314","chrX",37109340,37110340,"Upf3b"
"1315","chr8",18846054,18847054,"Agpat5"
"1316","chr8",18845458,18846458,"Agpat5"
"1317","chr12",113151779,113152779,"Crip1"
"1318","chr18",56572901,56573901,"Aldh7a1"
"1319","chr5",143112099,143113099,"Rnf216"
"1320","chrX",152016162,152017162,"Smc1a"
"1321","chr6",125095909,125096909,"Chd4"
"1322","chr16",30599256,30600256,"Fam43a"
"1323","chr1",184845041,184846041,"Marc2"
"1324","chr1",184845665,184846665,"Marc2"
"1325","chr4",119195100,119196100,"Svbp"
"1326","chr2",32693284,32694284,"Fpgs"
"1327","chr3",88530741,88531741,"Mex3a"
"1328","chr3",88531741,88532741,"Mex3a"
"1329","chr3",88531176,88532176,"Mex3a"
"1330","chrX",75096637,75097637,"Dkc1"
"1331","chrX",75095884,75096884,"Dkc1"
"1332","chr13",75707541,75708541,"Ell2"
"1333","chr5",136198189,136199189,"Prkrip1"
"1334","chr11",5097988,5098988,"Ewsr1"
"1335","chr10",111473307,111474307,"Nap1l1"
"1336","chr19",10203598,10204598,"Tmem258"
"1337","chr5",143314334,143315334,"E130309D02Rik"
"1338","chr3",84154885,84155885,"Mnd1"
"1339","chr6",113343344,113344344,"Camk1"
"1340","chr4",117550060,117551060,"Eri3"
"1341","chr2",53190318,53191318,NA
"1342","chr8",69183561,69184561,NA
"1343","chr2",53190318,53191318,NA
"1344","chr10",18196841,18197841,NA
"1345","chr8",107096288,107097288,NA
"1346","chr10",80398054,80399054,"Mbd3"
"1347","chr10",80398741,80399741,"Mbd3"
"1348","chr11",49250890,49251890,"Mgat1"
"1349","chr11",49250490,49251490,"Mgat1"
"1350","chr6",55037223,55038223,"Gars"
"1351","chr6",55037960,55038960,"Gars"
"1352","chr10",79533152,79534152,"Plpp2"
"1353","chr2",120153570,120154570,"Ehd4"
"1354","chr11",94653324,94654324,"Mrpl27"
"1355","chr10",53596712,53597712,"Asf1a"
"1356","chr10",53597478,53598478,"Asf1a"
"1357","chr3",68637444,68638444,"Il12a"
"1358","chr2",131159351,131160351,"1700037H04Rik"
"1359","chr2",131160085,131161085,"1700037H04Rik"
"1360","chr14",25768134,25769134,"Zcchc24"
"1361","chr11",69070812,69071812,"Tmem107"
"1362","chr11",69069976,69070976,"Tmem107"
"1363","chr11",5099354,5100354,"Rhbdd3"
"1364","chr10",117792631,117793631,"Nup107"
"1365","chr10",117791903,117792903,"Nup107"
"1366","chr8",78508329,78509329,"Rbmxl1"
"1367","chr8",78508329,78509329,"Rbmxl1"
"1368","chr8",78508329,78509329,"Rbmxl1"
"1369","chr7",128297549,128298549,"BC017158"
"1370","chr8",71396641,71397641,"Babam1"
"1371","chr5",105876177,105877177,"Zfp326"
"1372","chr10",95501091,95502091,"Mrpl42"
"1373","chr1",36068234,36069234,"Hs6st1"
"1374","chr7",56018754,56019754,"Nipa1"
"1375","chr7",56018754,56019754,"Nipa1"
"1376","chr17",27027626,27028626,"Bak1"
"1377","chr3",127552165,127553165,"Larp7"
"1378","chr6",83316894,83317894,"Mthfd2"
"1379","chr5",100038820,100039820,"Hnrnpdl"
"1380","chr5",100037898,100038898,"Hnrnpdl"
"1381","chr5",31054766,31055766,"Cad"
"1382","chr4",141060620,141061620,"Crocc"
"1383","chr4",141059860,141060860,"Crocc"
"1384","chr4",135946294,135947294,"Hmgcl"
"1385","chr13",55592825,55593825,"Tmed9"
"1386","chr1",75316606,75317606,"Dnpep"
"1387","chr15",88819327,88820327,"Creld2"
"1388","chr17",56040235,56041235,"Chaf1a"
"1389","chr2",156065082,156066082,"Spag4"
"1390","chr10",110919225,110920225,"Csrp2"
"1391","chr11",60877812,60878812,"Tmem11"
"1392","chr11",60878772,60879772,"Tmem11"
"1393","chr11",86200253,86201253,"Brip1"
"1394","chr4",127022429,127023429,"Sfpq"
"1395","chr3",138442206,138443206,"Adh5"
"1396","chr19",10947964,10948964,"Ccdc86"
"1397","chr19",10948661,10949661,"Ccdc86"
"1398","chr6",51471057,51472057,"Cbx3"
"1399","chr8",92855094,92856094,"Lpcat2"
"1400","chr1",75142531,75143531,"Retreg2"
"1401","chr9",106446965,106447965,"Abhd14a"
"1402","chr17",25016380,25017380,"Ift140"
"1403","chr17",25015904,25016904,"Ift140"
"1404","chr10",77605900,77606900,"Sumo3"
"1405","chr9",21509518,21510518,"Tmed1"
"1406","chr9",21510145,21511145,"Tmed1"
"1407","chr9",22388452,22389452,"Anln"
"1408","chr9",22387435,22388435,"Anln"
"1409","chr9",22388016,22389016,"Anln"
"1410","chr4",48540372,48541372,"Msantd3"
"1411","chr14",120831707,120832707,"Ipo5"
"1412","chr14",120910041,120911041,"Ipo5"
"1413","chr2",103970424,103971424,"Lmo2"
"1414","chrX",73458251,73459251,"Haus7"
"1415","chr11",60810085,60811085,"Shmt1"
"1416","chr11",60810558,60811558,"Shmt1"
"1417","chr5",123344011,123345011,"Bcl7a"
"1418","chr5",123317975,123318975,"Bcl7a"
"1419","chr5",123344011,123345011,"Bcl7a"
"1420","chr5",115340321,115341321,"Gatc"
"1421","chr7",143783642,143784642,"Mrgpre"
"1422","chr4",116463403,116464403,"Mast2"
"1423","chr15",93397500,93398500,"Zcrb1"
"1424","chr11",120491777,120492777,"Slc25a10"
"1425","chr19",6140516,6141516,"Arl2"
"1426","chr19",6140516,6141516,"Arl2"
"1427","chr2",84826659,84827659,"Timm10"
"1428","chr11",120713619,120714619,"Lrrc45"
"1429","chr2",127788628,127789628,"Nphp1"
"1430","chr15",75920615,75921615,"Pycrl"
"1431","chr9",98600841,98601841,"Mrps22"
"1432","chr15",73644817,73645817,"Slc45a4"
"1433","chr2",53190318,53191318,NA
"1434","chr8",69183561,69184561,NA
"1435","chr2",53190318,53191318,NA
"1436","chr10",18196841,18197841,NA
"1437","chr8",107096288,107097288,NA
"1438","chr2",53190318,53191318,NA
"1439","chr8",69183561,69184561,NA
"1440","chr2",53190318,53191318,NA
"1441","chr10",18196841,18197841,NA
"1442","chr8",107096288,107097288,NA
"1443","chr5",113772588,113773588,"Iscu"
"1444","chr13",99353127,99354127,"Mrps27"
"1445","chr13",99344563,99345563,"Mrps27"
"1446","chr11",88864491,88865491,"Akap1"
"1447","chr9",83833660,83834660,"Ttk"
"1448","chr9",83834247,83835247,"Ttk"
"1449","chr9",83834247,83835247,"Ttk"
"1450","chr6",66535374,66536374,"Mad2l1"
"1451","chr10",100487329,100488329,"Cep290"
"1452","chr7",27507307,27508307,"Prx"
"1453","chr17",35051109,35052109,"Clic1"
"1454","chr1",161035405,161036405,"Gas5"
"1455","chr2",152669689,152670689,"H13"
"1456","chr2",152669689,152670689,"H13"
"1457","chr11",98741693,98742693,"Thra"
"1458","chr17",24162933,24163933,"Amdhd2"
"1459","chr12",17544005,17545005,"Odc1"
"1460","chr12",17545064,17546064,"Odc1"
"1461","chr5",100845708,100846708,"Gpat3"
"1462","chr17",20944385,20945385,"Ppp2r1a"
"1463","chr2",174472110,174473110,"Prelid3b"
"1464","chr6",29735440,29736440,"Smo"
"1465","chr6",29718677,29719677,"Smo"
"1466","chr5",137306649,137307649,"Srrt"
"1467","chr9",75440717,75441717,"Leo1"
"1468","chr9",75441329,75442329,"Leo1"
"1469","chr8",69832433,69833433,"Pbx4"
"1470","chr11",80153662,80154662,"Adap2"
"1471","chr2",117249567,117250567,"Fam98b"
"1472","chr8",4275648,4276648,"Timm44"
"1473","chr10",91169806,91170806,"Tmpo"
"1474","chr10",91187383,91188383,"Tmpo"
"1475","chr10",91181831,91182831,"Tmpo"
"1476","chr17",69156589,69157589,"Epb41l3"
"1477","chr11",88999491,89000491,"Trim25"
"1478","chr11",88999491,89000491,"Trim25"
"1479","chr19",8820423,8821423,"Hnrnpul2"
"1480","chr19",8819819,8820819,"Hnrnpul2"
"1481","chr8",83594437,83595437,"Tecr"
"1482","chr8",83593494,83594494,"Tecr"
"1483","chr4",132535322,132536322,"Dnajc8"
"1484","chr4",132535822,132536822,"Dnajc8"
"1485","chr17",48410007,48411007,"Oard1"
"1486","chr2",127791633,127792633,"Mtln"
"1487","chr3",69598296,69599296,"B3galnt1"
"1488","chr2",32606859,32607859,"St6galnac6"
"1489","chr7",16993667,16994667,"Ccdc8"
"1490","chr1",179960136,179961136,"Cdc42bpa"
"1491","chr1",179959508,179960508,"Cdc42bpa"
"1492","chr13",23562525,23563525,"Hist1h3e"
"1493","chr13",45507232,45508232,"Gmpr"
"1494","chr13",45507232,45508232,"Gmpr"
"1495","chr4",47474527,47475527,"Sec61b"
"1496","chr12",69724673,69725673,"Dmac2l"
"1497","chr4",43031185,43032185,"Stoml2"
"1498","chr4",43030676,43031676,"Stoml2"
"1499","chr11",101984065,101985065,"Dusp3"
"1500","chr1",170975528,170976528,"Fcgr2b"
"1501","chr1",4856861,4857861,"Tcea1"
"1502","chr1",4857757,4858757,"Tcea1"
"1503","chr5",150522239,150523239,"Brca2"
"1504","chr2",103073563,103074563,"Apip"
"1505","chr17",35241986,35242986,"Ddx39b"
"1506","chr1",191325913,191326913,"Pacc1"
"1507","chr1",191325913,191326913,"Pacc1"
"1508","chr19",46572356,46573356,"Arl3"
"1509","chr11",62005383,62006383,"Specc1"
"1510","chr11",62076808,62077808,"Specc1"
"1511","chr1",170867303,170868303,"Atf6"
"1512","chr19",60790566,60791566,"Eif3a"
"1513","chr4",3938661,3939661,"Chchd7"
"1514","chr4",3953668,3954668,"Chchd7"
"1515","chr2",53190318,53191318,NA
"1516","chr8",69183561,69184561,NA
"1517","chr2",53190318,53191318,NA
"1518","chr10",18196841,18197841,NA
"1519","chr8",107096288,107097288,NA
"1520","chr5",137531947,137532947,"Gnb2"
"1521","chr5",137532440,137533440,"Gnb2"
"1522","chr5",137532440,137533440,"Gnb2"
"1523","chr11",53706810,53707810,"Rad50"
"1524","chr11",87073337,87074337,"Gdpd1"
"1525","chr11",87073760,87074760,"Gdpd1"
"1526","chr11",87073337,87074337,"Gdpd1"
"1527","chr8",23256869,23257869,"Golga7"
"1528","chr8",23256157,23257157,"Golga7"
"1529","chr13",64369937,64370937,"Ctsl"
"1530","chr2",53190318,53191318,NA
"1531","chr8",69183561,69184561,NA
"1532","chr2",53190318,53191318,NA
"1533","chr10",18196841,18197841,NA
"1534","chr8",107096288,107097288,NA
"1535","chr1",128832184,128833184,"Cxcr4"
"1536","chr1",128590190,128591190,"Cxcr4"
"1537","chr1",128590546,128591546,"Cxcr4"
"1538","chr15",89591158,89592158,"Rabl2"
"1539","chr16",38742405,38743405,"B4galt4"
"1540","chr15",99725673,99726673,"Cox14"
"1541","chr5",122779112,122780112,"Camkk2"
"1542","chr5",122778371,122779371,"Camkk2"
"1543","chr7",65693346,65694346,"Tm2d3"
"1544","chr7",65704583,65705583,"Tm2d3"
"1545","chr18",60848084,60849084,"Tcof1"
"1546","chr11",70668579,70669579,"Spag7"
"1547","chr11",70669277,70670277,"Spag7"
"1548","chr7",45872839,45873839,"Kdelr1"
"1549","chr8",33928313,33929313,"Rbpms"
"1550","chr8",33928313,33929313,"Rbpms"
"1551","chr1",135133119,135134119,"Ptpn7"
"1552","chr2",167014858,167015858,"Ddx27"
"1553","chr14",56777081,56778081,"Pspc1"
"1554","chr14",56777081,56778081,"Pspc1"
"1555","chr10",81384217,81385217,"Dohh"
"1556","chr6",137754351,137755351,"Dera"
"1557","chr8",70775969,70776969,"Pik3r2"
"1558","chr7",127614722,127615722,"Zfp629"
"1559","chr8",94214306,94215306,"Nup93"
"1560","chr12",116405678,116406678,"Ncapg2"
"1561","chr12",116405062,116406062,"Ncapg2"
"1562","chr11",102761547,102762547,"Adam11"
"1563","chr13",22050859,22051859,"Hist1h2bj"
"1564","chr13",22049851,22050851,"Hist1h2bj"
"1565","chr7",99535083,99536083,"Arrb1"
"1566","chr5",120907241,120908241,"Oas1a"
"1567","chr2",19371319,19372319,"Msrb2"
"1568","chr5",114380644,114381644,"Ube3b"
"1569","chr3",100921395,100922395,"Trim45"
"1570","chr5",113770806,113771806,"Sart3"
"1571","chr5",113771709,113772709,"Sart3"
"1572","chr8",54529273,54530273,"Spcs3"
"1573","chr1",155557850,155558850,"Acbd6"
"1574","chr1",155557850,155558850,"Acbd6"
"1575","chr7",24610531,24611531,"Phldb3"
"1576","chr4",24496210,24497210,"Mms22l"
"1577","chr4",24496210,24497210,"Mms22l"
"1578","chr16",92300992,92301992,"Smim11"
"1579","chr16",92300538,92301538,"Smim11"
"1580","chr2",69822566,69823566,"Klhl23"
"1581","chr2",69821809,69822809,"Klhl23"
"1582","chr8",4324044,4325044,"Elavl1"
"1583","chr7",29169310,29170310,"Ggn"
"1584","chr7",29169723,29170723,"Ggn"
"1585","chr7",29169723,29170723,"Ggn"
"1586","chr11",86992850,86993850,"Ypel2"
"1587","chr4",131843240,131844240,"Mecr"
"1588","chr10",42501890,42502890,"Snx3"
"1589","chr10",42502483,42503483,"Snx3"
"1590","chr3",88621732,88622732,"Arhgef2"
"1591","chr17",43016433,43017433,"Tnfrsf21"
"1592","chr17",23726243,23727243,"Pkmyt1"
"1593","chr13",112751656,112752656,"Plpp1"
"1594","chr13",112800483,112801483,"Plpp1"
"1595","chr6",88465312,88466312,"Ruvbl1"
"1596","chr4",155803220,155804220,"Mrpl20"
"1597","chr12",59066162,59067162,"Pnn"
"1598","chr14",55671364,55672364,"Nedd8"
"1599","chr8",85027038,85028038,"Trir"
"1600","chr7",141171777,141172777,"Rnh1"
"1601","chr7",141172348,141173348,"Rnh1"
"1602","chr7",141172348,141173348,"Rnh1"
"1603","chr14",14119722,14120722,"Psmd6"
"1604","chr14",14120265,14121265,"Psmd6"
"1605","chr10",81349750,81350750,"Hmg20b"
"1606","chr2",6322598,6323598,"Usp6nl"
"1607","chr2",6322598,6323598,"Usp6nl"
"1608","chr2",172370848,172371848,"Cstf1"
"1609","chr12",85219332,85220332,"Eif2b2"
"1610","chr18",36678580,36679580,"Slc35a4"
"1611","chr5",110286192,110287192,"Pole"
"1612","chr6",91515779,91516779,"Lsm3"
"1613","chr6",91515779,91516779,"Lsm3"
"1614","chr6",134036087,134037087,"Etv6"
"1615","chr6",134035645,134036645,"Etv6"
"1616","chr6",133985002,133986002,"Etv6"
"1617","chr10",80142149,80143149,"Atp5d"
"1618","chr5",30913514,30914514,"Emilin1"
"1619","chr7",79148352,79149352,"Mfge8"
"1620","chr7",28440758,28441758,"Gmfg"
"1621","chr2",53190318,53191318,NA
"1622","chr8",69183561,69184561,NA
"1623","chr2",53190318,53191318,NA
"1624","chr10",18196841,18197841,NA
"1625","chr8",107096288,107097288,NA
"1626","chr2",53190318,53191318,NA
"1627","chr8",69183561,69184561,NA
"1628","chr2",53190318,53191318,NA
"1629","chr10",18196841,18197841,NA
"1630","chr8",107096288,107097288,NA
"1631","chr13",95960766,95961766,"Iqgap2"
"1632","chr13",95960766,95961766,"Iqgap2"
"1633","chr10",121364822,121365822,"Gns"
"1634","chr10",121364822,121365822,"Gns"
"1635","chr8",70234568,70235568,"Armc6"
"1636","chr10",78464205,78465205,"Pdxk"
"1637","chr10",78481827,78482827,"Pdxk"
"1638","chr4",93334996,93335996,"Tusc1"
"1639","chr9",123113076,123114076,"Exosc7"
"1640","chr9",114389825,114390825,"Crtap"
"1641","chr9",114390449,114391449,"Crtap"
"1642","chr1",165642178,165643178,"Mpzl1"
"1643","chr1",165641467,165642467,"Mpzl1"
"1644","chr1",165633864,165634864,"Mpzl1"
"1645","chr4",134852604,134853604,"Maco1"
"1646","chr4",134853262,134854262,"Maco1"
"1647","chr6",136827182,136828182,"Wbp11"
"1648","chr17",27907050,27908050,"Taf11"
"1649","chr16",8671375,8672375,"Carhsp1"
"1650","chr11",120795555,120796555,"Dus1l"
"1651","chr9",108452181,108453181,"Klhdc8b"
"1652","chr8",78820016,78821016,"Lsm6"
"1653","chr8",78820744,78821744,"Lsm6"
"1654","chr8",78820016,78821016,"Lsm6"
"1655","chr11",80809895,80810895,"Tmem98"
"1656","chr17",56626104,56627104,"Lonp1"
"1657","chr13",55634949,55635949,"Ddx46"
"1658","chr2",26909849,26910849,"Med22"
"1659","chr10",79681867,79682867,"Cdc34"
"1660","chr10",79682316,79683316,"Cdc34"
"1661","chr10",79681114,79682114,"Cdc34"
"1662","chr2",53190318,53191318,NA
"1663","chr8",69183561,69184561,NA
"1664","chr2",53190318,53191318,NA
"1665","chr10",18196841,18197841,NA
"1666","chr8",107096288,107097288,NA
"1667","chr11",120437422,120438422,"Nploc4"
"1668","chr11",120436809,120437809,"Nploc4"
"1669","chr7",97082010,97083010,"Gab2"
"1670","chr17",46646060,46647060,"Mrpl2"
"1671","chr13",115089890,115090890,"Pelo"
"1672","chr13",115089890,115090890,"Pelo"
"1673","chr7",79742241,79743241,"Pex11a"
"1674","chr1",153549124,153550124,"Npl"
"1675","chr19",6276577,6277577,"Ehd1"
"1676","chr6",134928581,134929581,"Lockd"
"1677","chr6",134927620,134928620,"Lockd"
"1678","chr12",85455320,85456320,"Fos"
"1679","chr12",85473647,85474647,"Fos"
"1680","chr12",85444596,85445596,"Fos"
"1681","chr3",123508502,123509502,"Snhg8"
"1682","chr18",15062970,15063970,"Kctd1"
"1683","chr18",15149560,15150560,"Kctd1"
"1684","chr18",15063755,15064755,"Kctd1"
"1685","chr18",15195140,15196140,"Kctd1"
"1686","chr18",15150074,15151074,"Kctd1"
"1687","chr5",52741608,52742608,"Pi4k2b"
"1688","chr15",8710156,8711156,"Slc1a3"
"1689","chr8",3676458,3677458,"Trappc5"
"1690","chr14",79397531,79398531,"Mtrf1"
"1691","chr17",30611641,30612641,"Glo1"
"1692","chr11",60830504,60831504,"Dhrs7b"
"1693","chr16",91931038,91932038,"Atp5o"
"1694","chr16",91917259,91918259,"Atp5o"
"1695","chr16",91931038,91932038,"Atp5o"
"1696","chr14",21848216,21849216,"Comtd1"
"1697","chr12",24830760,24831760,"Mboat2"
"1698","chr19",3906047,3907047,"Tcirg1"
"1699","chr4",59002898,59003898,"Dnajc25"
"1700","chr2",25054137,25055137,"Nsmf"
"1701","chr7",80535008,80536008,"Blm"
"1702","chr7",80534257,80535257,"Blm"
"1703","chr6",52158157,52159157,"Hotairm1"
"1704","chr3",104638275,104639275,"Slc16a1"
"1705","chr3",104637737,104638737,"Slc16a1"
"1706","chr1",169530727,169531727,"Nuf2"
"1707","chr1",169531379,169532379,"Nuf2"
"1708","chr5",108694018,108695018,"Fgfrl1"
"1709","chr4",153957324,153958324,"A430005L14Rik"
"1710","chr18",68228313,68229313,"Ldlrad4"
"1711","chr18",67933530,67934530,"Ldlrad4"
"1712","chr5",115299975,115300975,"Dynll1"
"1713","chr16",48993934,48994934,"Cip2a"
"1714","chr16",10834498,10835498,"Rmi2"
"1715","chr16",10834498,10835498,"Rmi2"
"1716","chr5",140331369,140332369,"Nudt1"
"1717","chr5",140321140,140322140,"Nudt1"
"1718","chr5",140321140,140322140,"Nudt1"
"1719","chr2",11602336,11603336,"Rbm17"
"1720","chr17",35861232,35862232,"Nrm"
"1721","chr6",18848479,18849479,"Lsm8"
"1722","chr13",60601248,60602248,"Dapk1"
"1723","chr13",60601919,60602919,"Dapk1"
"1724","chr7",25005122,25006122,"Atp1a3"
"1725","chr7",25005122,25006122,"Atp1a3"
"1726","chr18",31789117,31790117,"Polr2d"
"1727","chr5",117286712,117287712,"Pebp1"
"1728","chr14",14345751,14346751,"Il3ra"
"1729","chr11",115813061,115814061,"Caskin2"
"1730","chr13",58274018,58275018,"Gkap1"
"1731","chr13",46928963,46929963,"Kif13a"
"1732","chr13",46929898,46930898,"Kif13a"
"1733","chr4",116075242,116076242,"Lrrc41"
"1734","chr7",126695686,126696686,"Bola2"
"1735","chrX",48513363,48514363,"Aifm1"
"1736","chr19",6061296,6062296,"Znhit2"
"1737","chr7",44929624,44930624,"Ap2a1"
"1738","chr7",44928635,44929635,"Ap2a1"
"1739","chr19",8735479,8736479,"Wdr74"
"1740","chr7",30534291,30535291,"Arhgap33"
"1741","chr7",30535006,30536006,"Arhgap33"
"1742","chr19",7482366,7483366,"Rtn3"
"1743","chr3",59210163,59211163,"P2ry13"
"1744","chr4",96590680,96591680,"Cyp2j9"
"1745","chr4",96591091,96592091,"Cyp2j9"
"1746","chr1",74303604,74304604,"Tmbim1"
"1747","chrX",164075470,164076470,"Siah1b"
"1748","chr2",24949631,24950631,"Zmynd19"
"1749","chr5",138255550,138256550,"Lamtor4"
"1750","chr17",25726629,25727629,"Chtf18"
"1751","chr4",114999966,115000966,"Stil"
"1752","chr4",114999966,115000966,"Stil"
"1753","chr4",114999170,115000170,"Stil"
"1754","chr6",124662107,124663107,"Lpcat3"
"1755","chr15",33083125,33084125,"Cpq"
"1756","chr8",71724934,71725934,"Fcho1"
"1757","chr19",6399829,6400829,"Rasgrp2"
"1758","chr2",119047014,119048014,"Knl1"
"1759","chr4",46489144,46490144,"Nans"
"1760","chr19",6057009,6058009,"Mrpl49"
"1761","chr13",3917488,3918488,"Net1"
"1762","chr13",3892666,3893666,"Net1"
"1763","chr7",88430267,88431267,"Rab38"
"1764","chr7",88430267,88431267,"Rab38"
"1765","chr19",34878610,34879610,"Pank1"
"1766","chr4",130359131,130360131,"Zcchc17"
"1767","chr14",54516564,54517564,"Prmt5"
"1768","chr7",127273269,127274269,"Sephs2"
"1769","chr19",3852045,3853045,"Chka"
"1770","chr3",54734748,54735748,"Exosc8"
"1771","chr3",54734149,54735149,"Exosc8"
"1772","chr2",3512002,3513002,"Hspa14"
"1773","chr5",114130091,114131091,"Ung"
"1774","chr2",53190318,53191318,NA
"1775","chr8",69183561,69184561,NA
"1776","chr2",53190318,53191318,NA
"1777","chr10",18196841,18197841,NA
"1778","chr8",107096288,107097288,NA
"1779","chr2",26932508,26933508,"Surf4"
"1780","chr7",127244022,127245022,"Zfp771"
"1781","chr7",45509829,45510829,"Nucb1"
"1782","chr10",79766177,79767177,"Rnf126"
"1783","chr10",79766960,79767960,"Rnf126"
"1784","chr7",118854824,118855824,"Knop1"
"1785","chr7",118797781,118798781,"Knop1"
"1786","chr6",125131837,125132837,"Nop2"
"1787","chr6",125131054,125132054,"Nop2"
"1788","chr8",84686906,84687906,"Nacc1"
"1789","chr4",126046841,126047841,"Mrps15"
"1790","chr6",50261081,50262081,"Gsdme"
"1791","chr6",50261579,50262579,"Gsdme"
"1792","chr13",55535676,55536676,"Ddx41"
"1793","chr13",30545090,30546090,"Uqcrfs1"
"1794","chr13",30544426,30545426,"Uqcrfs1"
"1795","chr11",60776560,60777560,"Top3a"
"1796","chr11",60775982,60776982,"Top3a"
"1797","chr14",22019413,22020413,"Lrmda"
"1798","chr7",109174538,109175538,"Lmo1"
"1799","chr10",60002134,60003134,"Ascc1"
"1800","chr2",12923676,12924676,"Pter"
"1801","chr2",53190318,53191318,NA
"1802","chr8",69183561,69184561,NA
"1803","chr2",53190318,53191318,NA
"1804","chr10",18196841,18197841,NA
"1805","chr8",107096288,107097288,NA
"1806","chr7",29238126,29239126,"Yif1b"
"1807","chr8",66859832,66860832,"Naf1"
"1808","chr8",66860597,66861597,"Naf1"
"1809","chr5",24577438,24578438,"Abcf2"
"1810","chr5",24576634,24577634,"Abcf2"
"1811","chr6",28479301,28480301,"Snd1"
"1812","chr6",28480215,28481215,"Snd1"
"1813","chr2",71389003,71390003,"Hat1"
"1814","chr13",21735099,21736099,"Hist1h4j"
"1815","chr12",110978593,110979593,"Ankrd9"
"1816","chr10",78169094,78170094,"Gatd3a"
"1817","chr10",78158994,78159994,"Gatd3a"
"1818","chr13",6547267,6548267,"Pitrm1"
"1819","chr18",56562136,56563136,"Phax"
"1820","chr18",56562136,56563136,"Phax"
"1821","chr2",155728655,155729655,"Edem2"
"1822","chr17",23828264,23829264,"Elob"
"1823","chr17",23828869,23829869,"Elob"
"1824","chr5",92504663,92505663,"Scarb2"
"1825","chr5",36795526,36796526,"Mrfap1"
"1826","chr1",180903447,180904447,"Pycr2"
"1827","chr2",53190318,53191318,NA
"1828","chr8",69183561,69184561,NA
"1829","chr2",53190318,53191318,NA
"1830","chr10",18196841,18197841,NA
"1831","chr8",107096288,107097288,NA
"1832","chr1",168430725,168431725,"Pbx1"
"1833","chr1",168430725,168431725,"Pbx1"
"1834","chr13",34148632,34149632,"Psmg4"
"1835","chr13",34154311,34155311,"Psmg4"
"1836","chr13",34187289,34188289,"Psmg4"
"1837","chr3",138489385,138490385,"Metap1"
"1838","chr9",50602984,50603984,"Sdhd"
"1839","chr9",65826549,65827549,"Zfp609"
"1840","chr9",65827177,65828177,"Zfp609"
"1841","chr5",103754096,103755096,"Aff1"
"1842","chr5",103753377,103754377,"Aff1"
"1843","chr5",103754096,103755096,"Aff1"
"1844","chr19",17355773,17356773,"Gcnt1"
"1845","chr14",65592283,65593283,"Elp3"
"1846","chr11",19018215,19019215,"Meis1"
"1847","chr11",19026002,19027002,"Meis1"
"1848","chr11",18871434,18872434,"Meis1"
"1849","chr4",129695931,129696931,"Tmem39b"
"1850","chr12",90738162,90739162,"Dio2"
"1851","chr4",129623329,129624329,"Ccdc28b"
"1852","chr5",136918767,136919767,"4933404O12Rik"
"1853","chr15",89378596,89379596,"Odf3b"
"1854","chr17",71616273,71617273,"Wdr43"
"1855","chr10",127030057,127031057,"Tsfm"
"1856","chr6",117841016,117842016,"Zfp637"
"1857","chr3",102714886,102715886,"Tspan2"
"1858","chr3",102734712,102735712,"Tspan2"
"1859","chr6",135197685,135198685,"Fam234b"
"1860","chr17",24204900,24205900,"Tbc1d24"
"1861","chr4",128961701,128962701,"Azin2"
"1862","chr4",128924842,128925842,"Azin2"
"1863","chr14",99045044,99046044,"Mzt1"
"1864","chr14",98872791,98873791,"Mzt1"
"1865","chr2",53190318,53191318,NA
"1866","chr8",69183561,69184561,NA
"1867","chr2",53190318,53191318,NA
"1868","chr10",18196841,18197841,NA
"1869","chr8",107096288,107097288,NA
"1870","chr4",98922305,98923305,"Usp1"
"1871","chr4",98924394,98925394,"Usp1"
"1872","chr4",98923970,98924970,"Usp1"
"1873","chr8",110618256,110619256,"Vac14"
"1874","chr4",134000104,134001104,"Dhdds"
"1875","chr3",95754127,95755127,"Tars2"
"1876","chr7",113207063,113208063,"Arntl"
"1877","chr1",75210418,75211418,"Stk16"
"1878","chr12",85279523,85280523,"Acyp1"
"1879","chr5",130079293,130080293,"Tpst1"
"1880","chr7",42642160,42643160,"Zfp976"
"1881","chr6",125349695,125350695,"Tnfrsf1a"
"1882","chr6",125349695,125350695,"Tnfrsf1a"
