"Chr","Start","End","Peak Score"
"chr1",138174022,138175022,167
"chr19",5801886,5802886,60
"chr1",88701295,88702295,63
"chr1",88700545,88701545,86
"chr8",84042089,84043089,48
"chr6",48706930,48707930,153
"chr6",48706930,48707930,153
"chr4",134081913,134082913,68
"chr7",28796208,28797208,79
"chr7",28795792,28796792,142
"chr4",101264220,101265220,112
"chr4",101182365,101183365,69
"chr1",165779944,165780944,101
"chrX",167208238,167209238,54
"chr7",31149810,31150810,84
"chr2",11171611,11172611,59
"chr2",11172111,11173111,75
"chr2",11192195,11193195,131
"chr2",11192195,11193195,131
"chr3",60473407,60474407,143
"chr3",60473407,60474407,143
"chr3",60474595,60475595,64
"chr3",60408348,60409348,104
"chr11",76027068,76028068,104
"chr5",144222801,144223801,137
"chr5",144223377,144224377,109
"chr11",106159300,106160300,132
"chr11",106158686,106159686,84
"chr8",69183561,69184561,123
"chr2",53190318,53191318,135
"chr8",107096288,107097288,100
"chr10",18196841,18197841,88
"chr2",53190318,53191318,135
"chr4",59189543,59190543,107
"chr13",24501576,24502576,55
"chr13",24501169,24502169,107
"chr13",24638510,24639510,87
"chr10",39369461,39370461,110
"chr19",8988893,8989893,56
"chr19",8989207,8990207,57
"chr10",80016587,80017587,182
"chr9",32695984,32696984,106
"chr6",127150176,127151176,62
"chr1",53783940,53784940,172
"chr19",57118162,57119162,57
"chr5",64804132,64805132,115
"chr4",116017336,116018336,58
"chr18",56431920,56432920,161
"chr18",56431920,56432920,161
"chr5",113829629,113830629,80
"chr14",77904096,77905096,73
"chr2",157134394,157135394,82
"chr4",43957449,43958449,87
"chr9",110879959,110880959,72
"chr9",110879959,110880959,72
"chr8",15027434,15028434,44
"chrX",159626924,159627924,94
"chr4",8690218,8691218,72
"chr4",8646510,8647510,98
"chr4",8647245,8648245,166
"chr15",77840924,77841924,77
"chrX",101640035,101641035,68
"chr3",106482056,106483056,142
"chr3",106482056,106483056,142
"chr12",73584599,73585599,49
"chr17",34000118,34001118,99
"chr7",142460782,142461782,98
"chr12",25095091,25096091,38
"chr8",69183561,69184561,123
"chr2",53190318,53191318,135
"chr8",107096288,107097288,100
"chr10",18196841,18197841,88
"chr2",53190318,53191318,135
"chr1",173879060,173880060,100
"chr1",173878498,173879498,83
"chr6",149309296,149310296,134
"chr11",34783100,34784100,120
"chr2",79255834,79256834,52
"chr2",79256325,79257325,69
"chr1",136131265,136132265,115
"chr1",136139938,136140938,64
"chr8",69183561,69184561,123
"chr2",53190318,53191318,135
"chr8",107096288,107097288,100
"chr10",18196841,18197841,88
"chr2",53190318,53191318,135
"chr8",34154480,34155480,219
"chr8",83772640,83773640,90
"chr17",51829804,51830804,49
"chr17",51811461,51812461,71
"chr7",63937431,63938431,49
"chr7",63936591,63937591,68
"chr8",22705770,22706770,200
"chr2",73528956,73529956,119
"chr2",73484980,73485980,83
"chr2",73484980,73485980,83
"chr2",73540365,73541365,59
"chr1",173941514,173942514,115
"chr12",80259863,80260863,46
"chr11",107469772,107470772,62
"chr11",107469062,107470062,37
"chr11",107469772,107470772,62
"chr11",54522864,54523864,141
"chr11",54521924,54522924,96
"chr11",68431859,68432859,99
"chr8",119839579,119840579,65
"chr2",117341921,117342921,38
"chr16",3975802,3976802,72
"chr8",69183561,69184561,123
"chr2",53190318,53191318,135
"chr8",107096288,107097288,100
"chr10",18196841,18197841,88
"chr2",53190318,53191318,135
"chr11",69368294,69369294,75
"chr8",72303342,72304342,118
"chr17",32402843,32403843,78
"chr1",52119206,52120206,93
"chr1",52118604,52119604,69
"chr1",52119781,52120781,62
"chr1",52113122,52114122,69
"chr1",52119206,52120206,93
"chr11",97663121,97664121,57
"chr11",97659602,97660602,63
"chr8",69183561,69184561,123
"chr2",53190318,53191318,135
"chr8",107096288,107097288,100
"chr10",18196841,18197841,88
"chr2",53190318,53191318,135
"chr4",33246691,33247691,147
"chr8",69183561,69184561,123
"chr2",53190318,53191318,135
"chr8",107096288,107097288,100
"chr10",18196841,18197841,88
"chr2",53190318,53191318,135
"chr7",31041344,31042344,62
"chr7",24903134,24904134,135
"chr7",127296069,127297069,46
"chr15",66560390,66561390,77
"chr8",69808466,69809466,146
"chr16",44332306,44333306,44
"chr8",69183561,69184561,123
"chr2",53190318,53191318,135
"chr8",107096288,107097288,100
"chr10",18196841,18197841,88
"chr2",53190318,53191318,135
"chr4",123686374,123687374,39
"chr10",117845272,117846272,70
"chr10",117844526,117845526,135
"chr8",69183561,69184561,123
"chr2",53190318,53191318,135
"chr8",107096288,107097288,100
"chr10",18196841,18197841,88
"chr2",53190318,53191318,135
"chr18",10180409,10181409,115
"chr8",3353474,3354474,106
"chr15",80798723,80799723,191
"chr15",80710376,80711376,120
"chr15",80798723,80799723,191
"chr15",80711138,80712138,85
"chr10",12868374,12869374,99
"chr10",12812978,12813978,75
"chr10",12548108,12549108,82
"chr11",21091628,21092628,111
"chr11",21092009,21093009,29
"chr11",21091077,21092077,94
"chr16",46009615,46010615,123
"chr16",46010327,46011327,95
"chr3",106788924,106789924,137
"chr1",106712980,106713980,73
"chr1",131278901,131279901,44
"chr1",131279206,131280206,44
"chr19",53142458,53143458,54
"chr19",53143000,53144000,54
"chr3",96558051,96559051,168
"chr3",96558051,96559051,168
"chr14",121915292,121916292,48
"chr1",131198944,131199944,177
"chr5",115652255,115653255,113
"chr7",104464444,104465444,74
"chr7",104445441,104446441,90
"chr3",93554774,93555774,59
"chr19",5844366,5845366,107
"chr15",79950174,79951174,88
"chr15",79927403,79928403,40
"chr15",79932126,79933126,45
"chr11",34047077,34048077,52
"chr3",89182915,89183915,128
"chr8",34146065,34147065,102
"chr17",29006900,29007900,96
"chr7",128417874,128418874,65
"chr10",42860309,42861309,45
"chr8",69183561,69184561,123
"chr2",53190318,53191318,135
"chr8",107096288,107097288,100
"chr10",18196841,18197841,88
"chr2",53190318,53191318,135
"chr15",100668548,100669548,109
"chr5",77094505,77095505,31
"chr12",55491785,55492785,97
"chr12",55491196,55492196,104
"chr3",52267667,52268667,87
"chr11",78696629,78697629,58
"chr3",35731999,35732999,79
"chr3",35754226,35755226,97
"chr14",75176906,75177906,116
"chr14",75176906,75177906,116
"chr16",46119753,46120753,66
"chr7",19271432,19272432,121
"chr7",19270863,19271863,97
"chr7",19271432,19272432,121
"chr1",80664195,80665195,131
"chr1",80757536,80758536,42
"chr2",32082585,32083585,43
"chr7",126703740,126704740,90
"chr7",126703740,126704740,90
"chr7",126703740,126704740,90
"chr17",26716180,26717180,113
"chr17",26715201,26716201,146
"chr17",26715201,26716201,146
"chr7",74553958,74554958,73
"chr7",74554640,74555640,56
"chr7",43797226,43798226,53
"chr10",41518398,41519398,68
"chr10",41519583,41520583,95
"chr6",42349832,42350832,87
"chr6",42349832,42350832,87
"chr6",42348954,42349954,59
"chr5",65863621,65864621,100
"chr1",54925557,54926557,125
"chrX",48146406,48147406,88
"chr10",6979414,6980414,130
"chr10",6979414,6980414,130
"chr5",72795906,72796906,90
"chr15",98917143,98918143,105
"chr15",98917996,98918996,130
"chr4",34886671,34887671,80
"chr4",34882053,34883053,61
"chr11",77215354,77216354,67
"chr2",58159028,58160028,68
"chrX",35888925,35889925,77
"chr5",112276586,112277586,142
"chr10",59950929,59951929,81
"chr10",59969817,59970817,50
"chr11",97126810,97127810,100
"chr10",96617123,96618123,133
"chr10",96617123,96618123,133
"chr15",78571847,78572847,168
"chr7",125551927,125552927,117
"chr8",81341656,81342656,56
"chr8",81341656,81342656,56
"chr12",8674540,8675540,139
"chr11",62456409,62457409,79
"chr10",122678419,122679419,90
"chr9",116174385,116175385,123
"chr10",28593749,28594749,49
"chr2",173316248,173317248,87
"chr6",39205466,39206466,82
"chr6",39206598,39207598,74
"chr6",39205466,39206466,82
"chr8",69183561,69184561,123
"chr2",53190318,53191318,135
"chr8",107096288,107097288,100
"chr10",18196841,18197841,88
"chr2",53190318,53191318,135
"chr11",115475239,115476239,161
"chr6",97210737,97211737,127
"chr11",49076249,49077249,37
"chr11",49086691,49087691,77
"chr1",171840227,171841227,101
"chr5",96160304,96161304,88
"chr5",96160304,96161304,88
"chr4",43478092,43479092,51
"chr13",24375897,24376897,86
"chr7",30094820,30095820,156
"chr15",66577488,66578488,139
"chr13",73763644,73764644,107
"chr1",133688940,133689940,87
"chr8",69183561,69184561,123
"chr2",53190318,53191318,135
"chr8",107096288,107097288,100
"chr10",18196841,18197841,88
"chr2",53190318,53191318,135
"chr19",12795941,12796941,46
"chr8",69183561,69184561,123
"chr2",53190318,53191318,135
"chr8",107096288,107097288,100
"chr10",18196841,18197841,88
"chr2",53190318,53191318,135
"chr19",4215066,4216066,57
"chr19",4214151,4215151,88
"chr19",4214693,4215693,31
"chr8",69183561,69184561,123
"chr2",53190318,53191318,135
"chr8",107096288,107097288,100
"chr10",18196841,18197841,88
"chr2",53190318,53191318,135
"chr5",124424414,124425414,129
"chr5",124424414,124425414,129
"chr13",3538299,3539299,104
"chr12",80114792,80115792,58
"chr12",80112171,80113171,102
"chr4",6989847,6990847,136
"chr2",6871887,6872887,44
"chr2",6720583,6721583,86
"chr2",6720583,6721583,86
"chr2",6720583,6721583,86
"chr18",20961900,20962900,39
"chr11",32533261,32534261,91
"chr2",60209885,60210885,149
"chr2",60208855,60209855,116
"chr3",28262425,28263425,91
"chr1",155098418,155099418,70
"chr1",155098418,155099418,70
"chr1",155097828,155098828,61
"chr1",55026213,55027213,181
"chr9",56417353,56418353,113
"chr6",136940742,136941742,91
"chr6",136940742,136941742,91
"chr9",41156944,41157944,71
"chr13",117221056,117222056,129
"chr8",69183561,69184561,123
"chr2",53190318,53191318,135
"chr8",107096288,107097288,100
"chr10",18196841,18197841,88
"chr2",53190318,53191318,135
"chr13",95523835,95524835,76
"chr9",41950482,41951482,156
"chr15",9528790,9529790,122
"chr1",134092829,134093829,92
"chr2",156886465,156887465,83
"chr7",118242412,118243412,128
"chr1",52008370,52009370,149
"chr1",64120564,64121564,61
"chr1",64302293,64303293,53
"chr1",64121602,64122602,161
"chrX",42067774,42068774,89
"chr1",125434025,125435025,170
"chr3",142619916,142620916,126
"chr19",29354878,29355878,126
"chr19",29361465,29362465,115
"chr5",136170499,136171499,65
"chr5",136169919,136170919,80
"chr10",84575871,84576871,114
"chr1",74236961,74237961,114
"chr1",74236961,74237961,114
"chr1",74236296,74237296,68
"chr1",181016235,181017235,49
"chr14",60634043,60635043,56
"chr14",60634359,60635359,45
"chr14",60709117,60710117,65
"chr3",81932287,81933287,225
"chr15",27680703,27681703,101
"chr4",133814439,133815439,52
"chr7",75586498,75587498,100
"chr7",75596604,75597604,52
"chr6",17065588,17066588,45
"chr16",35938384,35939384,125
"chr16",35938384,35939384,125
"chr16",42906681,42907681,78
"chr5",3803369,3804369,31
"chr6",54759635,54760635,112
"chr6",54817428,54818428,87
"chr6",54817428,54818428,87
"chr9",44881753,44882753,39
"chr9",44880545,44881545,38
"chr7",28371747,28372747,50
"chrX",41911280,41912280,78
"chr12",17881451,17882451,128
"chr4",59547862,59548862,152
"chr17",66077016,66078016,63
"chr17",66075875,66076875,69
"chr17",66076374,66077374,61
"chr17",66075875,66076875,69
"chr5",86071637,86072637,189
"chr14",70288770,70289770,124
"chr14",70289165,70290165,124
"chr17",72918269,72919269,113
"chr7",25131661,25132661,92
"chr12",98270123,98271123,43
"chr13",64274162,64275162,59
"chr3",65974713,65975713,94
"chr3",65958077,65959077,74
"chr3",65957484,65958484,139
"chr13",119462416,119463416,153
"chr4",134923907,134924907,140
"chr11",53858676,53859676,62
"chr7",16843136,16844136,52
"chr7",16842743,16843743,120
"chr1",136624766,136625766,111
"chr1",136624199,136625199,102
"chr5",23435296,23436296,70
"chr5",23434817,23435817,64
"chr11",70653818,70654818,76
"chr11",70653018,70654018,60
"chr8",69183561,69184561,123
"chr2",53190318,53191318,135
"chr8",107096288,107097288,100
"chr10",18196841,18197841,88
"chr2",53190318,53191318,135
"chr8",69183561,69184561,123
"chr2",53190318,53191318,135
"chr8",107096288,107097288,100
"chr10",18196841,18197841,88
"chr2",53190318,53191318,135
"chr8",69183561,69184561,123
"chr2",53190318,53191318,135
"chr8",107096288,107097288,100
"chr10",18196841,18197841,88
"chr2",53190318,53191318,135
"chr8",88293987,88294987,55
"chr17",46160135,46161135,138
"chr10",85624517,85625517,66
"chr10",85598534,85599534,59
"chr3",89436536,89437536,194
"chr17",35868396,35869396,62
"chr1",152766852,152767852,177
"chr2",120970125,120971125,149
"chr10",63243887,63244887,137
"chr10",63242909,63243909,106
"chrX",77795834,77796834,46
"chrX",77795160,77796160,102
"chrX",77810346,77811346,109
"chr18",80707210,80708210,82
"chr18",34886795,34887795,84
"chr18",34860895,34861895,42
"chr18",34860485,34861485,114
"chr16",52181564,52182564,137
"chr16",52030848,52031848,93
"chr16",52031654,52032654,108
"chr16",52031654,52032654,108
"chr1",13589121,13590121,79
"chr1",13588483,13589483,110
"chr2",43727326,43728326,81
"chr2",43748945,43749945,212
"chr4",40239033,40240033,98
"chr17",70989938,70990938,118
"chr1",160044205,160045205,153
"chr9",85327559,85328559,47
"chr9",85327214,85328214,39
"chr7",123123781,123124781,119
"chr7",123123781,123124781,119
"chr15",78596855,78597855,142
"chrX",42359994,42360994,45
"chr10",81559607,81560607,91
"chr4",135153053,135154053,86
"chr3",89269813,89270813,54
"chr8",69183561,69184561,123
"chr2",53190318,53191318,135
"chr8",107096288,107097288,100
"chr10",18196841,18197841,88
"chr2",53190318,53191318,135
"chr13",112463328,112464328,69
"chr13",112464368,112465368,143
"chr13",112464368,112465368,143
"chr5",105052031,105053031,52
"chr4",149306881,149307881,86
"chr8",122475105,122476105,59
"chr3",33800063,33801063,199
"chr5",124249598,124250598,67
"chr11",11686461,11687461,47
"chr11",11687484,11688484,46
"chr11",11686041,11687041,80
"chr17",74528421,74529421,96
"chr16",49856591,49857591,130
"chr10",127165448,127166448,101
"chr10",57794442,57795442,48
"chr2",122148273,122149273,78
"chr16",93711953,93712953,57
"chr1",193200015,193201015,48
"chr1",193200677,193201677,181
"chr11",115163052,115164052,52
"chr11",115163052,115164052,52
"chr8",69183561,69184561,123
"chr2",53190318,53191318,135
"chr8",107096288,107097288,100
"chr10",18196841,18197841,88
"chr2",53190318,53191318,135
"chr10",83648160,83649160,78
"chr2",103565578,103566578,50
"chr11",29172999,29173999,156
"chr11",29171853,29172853,81
"chr14",57889149,57890149,162
"chr17",7925801,7926801,76
"chr1",119836682,119837682,69
"chr7",19628667,19629667,106
"chr7",111081746,111082746,123
"chr14",56886946,56887946,107
"chr14",56886946,56887946,107
"chr5",142905941,142906941,139
"chr5",142905046,142906046,139
"chr7",73540305,73541305,129
"chr8",69183561,69184561,123
"chr2",53190318,53191318,135
"chr8",107096288,107097288,100
"chr10",18196841,18197841,88
"chr2",53190318,53191318,135
"chr16",10785298,10786298,99
"chr8",69183561,69184561,123
"chr2",53190318,53191318,135
"chr8",107096288,107097288,100
"chr10",18196841,18197841,88
"chr2",53190318,53191318,135
"chr6",54680796,54681796,99
"chr6",54698919,54699919,191
"chr17",48585675,48586675,59
"chr2",132263151,132264151,145
"chr12",12287246,12288246,78
"chr8",69183561,69184561,123
"chr2",53190318,53191318,135
"chr8",107096288,107097288,100
"chr10",18196841,18197841,88
"chr2",53190318,53191318,135
"chr4",124741280,124742280,128
"chr3",115887585,115888585,172
"chr11",115153925,115154925,49
"chr1",34459196,34460196,120
"chr1",34472616,34473616,39
"chr1",34472963,34473963,47
"chr1",40515405,40516405,93
"chr1",40515405,40516405,93
"chr2",166713042,166714042,64
"chr2",166712568,166713568,128
"chr6",125231193,125232193,36
"chr8",69183561,69184561,123
"chr2",53190318,53191318,135
"chr8",107096288,107097288,100
"chr10",18196841,18197841,88
"chr2",53190318,53191318,135
"chr11",104440854,104441854,138
"chr11",104440854,104441854,138
"chr16",91647544,91648544,102
"chr16",91648080,91649080,95
"chr13",5860478,5861478,108
"chr13",5861547,5862547,144
"chr2",180724959,180725959,70
"chr7",114414879,114415879,83
"chr4",133649517,133650517,92
"chrX",140542227,140543227,60
"chr8",69183561,69184561,123
"chr2",53190318,53191318,135
"chr8",107096288,107097288,100
"chr10",18196841,18197841,88
"chr2",53190318,53191318,135
"chr8",69183561,69184561,123
"chr2",53190318,53191318,135
"chr8",107096288,107097288,100
"chr10",18196841,18197841,88
"chr2",53190318,53191318,135
"chr11",3330989,3331989,135
"chr2",119897462,119898462,49
"chr2",119896911,119897911,98
"chr8",107293385,107294385,70
"chr2",156991252,156992252,160
"chr1",192091847,192092847,53
"chr1",192092345,192093345,81
"chr4",32238343,32239343,65
"chr4",32238343,32239343,65
"chr4",32239104,32240104,49
"chr3",103790036,103791036,142
"chr6",58831432,58832432,138
"chr6",129181175,129182175,171
"chr6",129181175,129182175,171
"chr6",129181175,129182175,171
"chr7",114253774,114254774,125
"chr13",46669226,46670226,126
"chr8",69183561,69184561,123
"chr2",53190318,53191318,135
"chr8",107096288,107097288,100
"chr10",18196841,18197841,88
"chr2",53190318,53191318,135
"chr8",69183561,69184561,123
"chr2",53190318,53191318,135
"chr8",107096288,107097288,100
"chr10",18196841,18197841,88
"chr2",53190318,53191318,135
"chr17",33524029,33525029,159
"chr6",54972443,54973443,123
"chr5",140607341,140608341,62
"chr5",140608134,140609134,42
"chr8",69183561,69184561,123
"chr2",53190318,53191318,135
"chr8",107096288,107097288,100
"chr10",18196841,18197841,88
"chr2",53190318,53191318,135
"chr2",181581103,181582103,177
"chr1",60179674,60180674,82
"chr1",60180419,60181419,135
"chr6",106799333,106800333,78
"chrX",48409693,48410693,73
"chr14",66280142,66281142,157
"chr8",25602518,25603518,59
"chr8",69183561,69184561,123
"chr2",53190318,53191318,135
"chr8",107096288,107097288,100
"chr10",18196841,18197841,88
"chr2",53190318,53191318,135
"chr18",73702741,73703741,115
"chr18",73702741,73703741,115
"chr15",81584399,81585399,83
"chr15",81585126,81586126,96
"chr7",59229262,59230262,73
"chr7",59229262,59230262,73
"chr1",91053559,91054559,96
"chr1",90998386,90999386,137
"chr8",84978042,84979042,40
"chr3",135438815,135439815,40
"chr3",135438815,135439815,40
"chr3",135439407,135440407,69
"chr10",21826750,21827750,58
"chr10",21994487,21995487,84
"chr7",16174636,16175636,43
"chr17",56161604,56162604,41
"chr7",127091398,127092398,96
"chr7",127091398,127092398,96
"chr17",34586790,34587790,78
"chr13",24801637,24802637,101
"chr13",24799959,24800959,82
"chr5",8055696,8056696,76
"chr6",72957657,72958657,91
"chr3",100489162,100490162,121
"chrX",107402374,107403374,65
"chr2",167347684,167348684,52
"chr2",167348236,167349236,77
"chr4",111719824,111720824,64
"chr4",111719230,111720230,139
"chr4",152448000,152449000,44
"chr4",152476874,152477874,52
"chr9",53535763,53536763,134
"chr9",53535763,53536763,134
"chr4",63410016,63411016,51
"chr4",63402400,63403400,79
"chr17",21488906,21489906,170
"chr6",83914319,83915319,127
"chr6",120363627,120364627,112
"chr8",69183561,69184561,123
"chr2",53190318,53191318,135
"chr8",107096288,107097288,100
"chr10",18196841,18197841,88
"chr2",53190318,53191318,135
"chr2",39189900,39190900,121
"chr2",39189900,39190900,121
"chr12",71015784,71016784,39
"chr15",76639146,76640146,93
"chr7",127217662,127218662,83
"chr14",122107121,122108121,79
"chr2",167503128,167504128,81
"chr2",71980600,71981600,80
"chr6",38353348,38354348,68
"chr6",38353952,38354952,55
"chr6",38354304,38355304,81
"chr9",121719307,121720307,127
"chr11",97800127,97801127,97
"chr11",97799528,97800528,105
"chr11",97798813,97799813,39
"chr15",58140900,58141900,154
"chr6",30303202,30304202,111
"chr2",29125174,29126174,117
"chrX",104670070,104671070,68
"chr11",48855246,48856246,66
"chr11",48870260,48871260,110
"chr11",48870260,48871260,110
"chr12",86891804,86892804,43
"chrX",13346949,13347949,50
"chrX",13281708,13282708,40
"chr8",69183561,69184561,123
"chr2",53190318,53191318,135
"chr8",107096288,107097288,100
"chr10",18196841,18197841,88
"chr2",53190318,53191318,135
"chr11",99168155,99169155,68
"chr8",69183561,69184561,123
"chr2",53190318,53191318,135
"chr8",107096288,107097288,100
"chr10",18196841,18197841,88
"chr2",53190318,53191318,135
"chr6",85961022,85962022,88
"chr18",21001719,21002719,139
"chr19",7340809,7341809,86
"chr8",69183561,69184561,123
"chr2",53190318,53191318,135
"chr8",107096288,107097288,100
"chr10",18196841,18197841,88
"chr2",53190318,53191318,135
"chr19",34290446,34291446,70
"chr3",69003905,69004905,36
"chr7",102564706,102565706,120
"chr9",96630630,96631630,113
"chr11",53770251,53771251,105
"chr11",53769705,53770705,148
"chr9",44603530,44604530,49
"chr9",44604641,44605641,59
"chr9",44605242,44606242,82
"chr6",99338417,99339417,59
"chr6",99028054,99029054,43
"chr6",99521596,99522596,48
"chr6",99521596,99522596,48
"chr6",99264837,99265837,125
"chr1",182281924,182282924,64
"chr9",21424962,21425962,137
"chr5",33377725,33378725,85
"chr5",33378527,33379527,94
"chr14",20793338,20794338,74
"chr1",52231997,52232997,87
"chr14",51884629,51885629,133
"chr14",51883803,51884803,78
"chr13",6647063,6648063,83
"chr13",6648026,6649026,59
"chr3",102995447,102996447,188
"chr3",102995447,102996447,188
"chr1",84838267,84839267,34
"chr2",163994875,163995875,92
"chr2",163995384,163996384,66
"chr8",84065635,84066635,140
"chr8",84066559,84067559,97
"chr4",154159847,154160847,68
"chr2",164074364,164075364,83
"chr8",69183561,69184561,123
"chr2",53190318,53191318,135
"chr8",107096288,107097288,100
"chr10",18196841,18197841,88
"chr2",53190318,53191318,135
"chr8",69183561,69184561,123
"chr2",53190318,53191318,135
"chr8",107096288,107097288,100
"chr10",18196841,18197841,88
"chr2",53190318,53191318,135
"chr2",132028565,132029565,60
"chr2",132028565,132029565,60
"chr3",95227530,95228530,76
"chr3",95228902,95229902,104
"chr3",95228902,95229902,104
"chr4",48043253,48044253,173
"chr10",117629357,117630357,111
"chr14",77874255,77875255,131
"chr9",70656174,70657174,93
"chr10",108161198,108162198,78
"chr10",108162476,108163476,184
"chr10",108162476,108163476,184
"chr11",108920288,108921288,81
"chr11",108920288,108921288,81
"chr4",135873033,135874033,100
"chr6",48675926,48676926,109
"chr13",95617733,95618733,85
"chr2",31061033,31062033,38
"chr2",31143359,31144359,79
"chr9",111271695,111272695,118
"chr9",111271695,111272695,118
"chr4",83315136,83316136,52
"chr2",73891814,73892814,153
"chr2",73892742,73893742,120
"chr11",100931046,100932046,102
"chr11",100938398,100939398,99
"chr9",56090594,56091594,60
"chr9",56090120,56091120,44
"chr15",78899579,78900579,74
"chr11",6519975,6520975,86
"chr5",98030292,98031292,78
"chr2",23039006,23040006,145
"chr5",120812215,120813215,138
"chr1",133033401,133034401,222
"chr18",23954216,23955216,104
"chr3",106721870,106722870,162
"chr3",106684630,106685630,151
"chr8",69183561,69184561,123
"chr2",53190318,53191318,135
"chr8",107096288,107097288,100
"chr10",18196841,18197841,88
"chr2",53190318,53191318,135
"chr10",17947328,17948328,65
"chr10",17946707,17947707,99
"chr12",4476984,4477984,70
"chr12",4476540,4477540,78
"chr14",16365851,16366851,39
"chr14",16365486,16366486,59
"chr1",52726436,52727436,156
"chr7",84678911,84679911,115
"chr7",84678911,84679911,115
"chr8",69183561,69184561,123
"chr2",53190318,53191318,135
"chr8",107096288,107097288,100
"chr10",18196841,18197841,88
"chr2",53190318,53191318,135
"chr1",82839536,82840536,95
"chr1",82839536,82840536,95
"chr2",156730030,156731030,109
"chr15",102257090,102258090,49
"chr6",48738791,48739791,82
"chr7",12818177,12819177,156
"chr7",12803256,12804256,107
"chr7",12803256,12804256,107
"chr18",35739172,35740172,171
"chr18",35739172,35740172,171
"chr18",35751529,35752529,215
"chr1",152089536,152090536,64
"chr1",152090143,152091143,81
"chr5",8997005,8998005,60
"chr5",8996206,8997206,125
"chr3",30792555,30793555,126
"chr3",30793338,30794338,93
"chr6",114919919,114920919,81
"chr6",114920833,114921833,110
"chr6",114874147,114875147,61
"chr5",20952022,20953022,60
"chr5",20951113,20952113,55
"chr5",20951677,20952677,103
"chr2",129197748,129198748,100
"chr2",129198528,129199528,83
"chr17",79019728,79020728,142
"chr8",14089674,14090674,124
"chr19",6857872,6858872,95
"chr19",6869253,6870253,121
"chr2",127269936,127270936,65
"chr2",127269392,127270392,122
"chr7",100606687,100607687,68
"chr2",132577043,132578043,115
"chr19",8929613,8930613,51
"chr8",69183561,69184561,123
"chr2",53190318,53191318,135
"chr8",107096288,107097288,100
"chr10",18196841,18197841,88
"chr2",53190318,53191318,135
"chr8",69183561,69184561,123
"chr2",53190318,53191318,135
"chr8",107096288,107097288,100
"chr10",18196841,18197841,88
"chr2",53190318,53191318,135
"chr8",69183561,69184561,123
"chr2",53190318,53191318,135
"chr8",107096288,107097288,100
"chr10",18196841,18197841,88
"chr2",53190318,53191318,135
"chr2",59612203,59613203,84
"chr2",59612203,59613203,84
"chr11",30197037,30198037,95
"chr6",17637060,17638060,96
"chr9",54863589,54864589,184
"chr7",114020321,114021321,163
"chr7",114019951,114020951,54
"chr7",114116912,114117912,78
"chr4",34614127,34615127,156
"chr6",3398417,3399417,35
"chr6",3386137,3387137,59
"chr2",127247677,127248677,72
"chr2",62411554,62412554,46
"chr3",126693090,126694090,56
"chr2",167924736,167925736,80
"chr2",167931483,167932483,153
"chr2",167932271,167933271,108
"chr11",83941771,83942771,124
"chr18",65489760,65490760,90
"chr18",65430993,65431993,88
"chr18",65429947,65430947,73
"chr10",19015260,19016260,84
"chr10",19014469,19015469,91
"chr10",19043305,19044305,138
"chr10",19014469,19015469,91
"chr17",27565093,27566093,78
"chr7",90130430,90131430,137
"chr7",19816109,19817109,69
"chr10",128096983,128097983,83
"chr4",130914100,130915100,128
"chr4",130913075,130914075,180
"chr4",130913075,130914075,180
"chr16",4212405,4213405,125
"chr16",4212405,4213405,125
"chr17",88063950,88064950,87
"chr5",124095150,124096150,59
"chr15",6707941,6708941,72
"chr15",6707356,6708356,94
"chr7",4501193,4502193,99
"chr7",4501193,4502193,99
"chr7",4501193,4502193,99
"chrX",162901452,162902452,65
"chrX",162901860,162902860,75
"chr2",126876006,126877006,143
"chr7",98656798,98657798,220
"chr7",98655684,98656684,108
"chr9",123478556,123479556,142
"chr9",21320579,21321579,90
"chr3",40894076,40895076,60
"chr8",69183561,69184561,123
"chr2",53190318,53191318,135
"chr8",107096288,107097288,100
"chr10",18196841,18197841,88
"chr2",53190318,53191318,135
"chr8",69183561,69184561,123
"chr2",53190318,53191318,135
"chr8",107096288,107097288,100
"chr10",18196841,18197841,88
"chr2",53190318,53191318,135
"chr8",69183561,69184561,123
"chr2",53190318,53191318,135
"chr8",107096288,107097288,100
"chr10",18196841,18197841,88
"chr2",53190318,53191318,135
"chr17",71474602,71475602,109
"chr17",71485402,71486402,60
"chr17",71475474,71476474,125
"chr9",114401030,114402030,138
"chr3",20034285,20035285,120
"chr19",61140509,61141509,75
"chr19",61140029,61141029,135
"chr19",61151691,61152691,108
"chr2",181241295,181242295,169
"chr14",55091607,55092607,156
"chr1",58795214,58796214,102
"chr1",58796265,58797265,88
"chr1",58802245,58803245,97
"chr1",58795801,58796801,140
"chr15",8444649,8445649,71
"chr15",8443101,8444101,73
"chr7",83654488,83655488,118
"chr6",39724435,39725435,124
"chr14",36968627,36969627,68
"chr14",56575086,56576086,78
"chr14",56575086,56576086,78
"chr12",31949375,31950375,153
"chr12",31948750,31949750,102
"chr8",69183561,69184561,123
"chr2",53190318,53191318,135
"chr8",107096288,107097288,100
"chr10",18196841,18197841,88
"chr2",53190318,53191318,135
"chr14",27237696,27238696,81
"chr14",27335884,27336884,87
"chr10",128524892,128525892,40
"chr10",128525926,128526926,163
"chr10",128525269,128526269,78
"chr6",71271689,71272689,173
"chr1",10232966,10233966,133
"chr9",44482856,44483856,85
"chr9",44482856,44483856,85
"chr1",191396986,191397986,52
"chr1",191395355,191396355,99
"chr19",36833369,36834369,86
"chr19",36834278,36835278,101
"chr10",98913479,98914479,117
"chr10",98914412,98915412,77
"chr5",3927594,3928594,108
"chr5",3928440,3929440,46
"chr12",52503820,52504820,88
"chr12",52503820,52504820,88
"chr8",69183561,69184561,123
"chr2",53190318,53191318,135
"chr8",107096288,107097288,100
"chr10",18196841,18197841,88
"chr2",53190318,53191318,135
"chr8",69183561,69184561,123
"chr2",53190318,53191318,135
"chr8",107096288,107097288,100
"chr10",18196841,18197841,88
"chr2",53190318,53191318,135
"chr3",95658442,95659442,51
"chr3",95659483,95660483,89
"chr3",95658866,95659866,75
"chrX",38600323,38601323,90
"chrX",38600323,38601323,90
"chr5",9161571,9162571,134
"chr1",171389113,171390113,131
"chr8",69183561,69184561,123
"chr2",53190318,53191318,135
"chr8",107096288,107097288,100
"chr10",18196841,18197841,88
"chr2",53190318,53191318,135
"chr5",41843550,41844550,117
"chr4",94978868,94979868,79
"chr14",67007794,67008794,191
"chr14",67008641,67009641,86
"chrX",75382211,75383211,46
"chr13",51792861,51793861,124
"chr8",69183561,69184561,123
"chr2",53190318,53191318,135
"chr8",107096288,107097288,100
"chr10",18196841,18197841,88
"chr2",53190318,53191318,135
"chr8",69183561,69184561,123
"chr2",53190318,53191318,135
"chr8",107096288,107097288,100
"chr10",18196841,18197841,88
"chr2",53190318,53191318,135
"chr8",13676883,13677883,94
"chr8",13676207,13677207,58
"chr7",30422179,30423179,75
"chr7",30421436,30422436,115
"chr6",129274139,129275139,153
"chr6",129274139,129275139,153
"chr5",76303589,76304589,50
"chr8",69183561,69184561,123
"chr2",53190318,53191318,135
"chr8",107096288,107097288,100
"chr10",18196841,18197841,88
"chr2",53190318,53191318,135
"chr6",146501349,146502349,92
"chr5",38560821,38561821,136
"chr5",38561570,38562570,110
"chr3",108145533,108146533,173
"chr11",107547154,107548154,53
"chr11",107547756,107548756,164
"chr11",107547154,107548154,53
"chr7",16309477,16310477,54
"chr1",75478678,75479678,69
"chr11",70647077,70648077,59
"chr1",183368718,183369718,171
"chr1",183344913,183345913,126
"chr7",126776606,126777606,120
"chr3",107695537,107696537,135
"chr1",130461876,130462876,107
"chrX",18163570,18164570,60
"chrX",18162430,18163430,79
"chr13",14063865,14064865,61
"chr13",14063865,14064865,61
"chr8",69183561,69184561,123
"chr2",53190318,53191318,135
"chr8",107096288,107097288,100
"chr10",18196841,18197841,88
"chr2",53190318,53191318,135
"chr10",78351444,78352444,88
"chr8",69183561,69184561,123
"chr2",53190318,53191318,135
"chr8",107096288,107097288,100
"chr10",18196841,18197841,88
"chr2",53190318,53191318,135
"chr13",45871359,45872359,58
"chr13",46042612,46043612,66
"chr13",45964014,45965014,46
"chr16",55821061,55822061,88
"chr16",55838210,55839210,169
"chr16",55820166,55821166,74
"chr3",90266265,90267265,95
"chr3",90265520,90266520,55
"chr8",69183561,69184561,123
"chr2",53190318,53191318,135
"chr8",107096288,107097288,100
"chr10",18196841,18197841,88
"chr2",53190318,53191318,135
"chr11",69088282,69089282,133
"chr11",69088282,69089282,133
"chr11",58866975,58867975,56
"chr9",59484809,59485809,59
"chr9",59486572,59487572,47
"chr9",59485682,59486682,53
"chr11",86806915,86807915,239
"chr1",63176589,63177589,173
"chr1",63176589,63177589,173
"chr8",69183561,69184561,123
"chr2",53190318,53191318,135
"chr8",107096288,107097288,100
"chr10",18196841,18197841,88
"chr2",53190318,53191318,135
"chr18",5989272,5990272,69
"chr18",6135845,6136845,89
"chr18",6135079,6136079,97
"chr18",6136211,6137211,49
"chr8",69183561,69184561,123
"chr2",53190318,53191318,135
"chr8",107096288,107097288,100
"chr10",18196841,18197841,88
"chr2",53190318,53191318,135
"chr11",106786842,106787842,81
"chr11",106787646,106788646,94
"chr9",7837025,7838025,154
"chr9",7836057,7837057,230
"chr18",79257175,79258175,66
"chr18",79109492,79110492,89
"chr11",106919757,106920757,115
"chr9",108306567,108307567,148
"chr11",103362800,103363800,74
"chr11",103343906,103344906,98
"chr17",33954916,33955916,103
"chr7",16874202,16875202,68
"chr2",120976757,120977757,100
"chr2",120976757,120977757,100
"chr4",115827677,115828677,118
"chr13",21402102,21403102,117
"chr13",21407988,21408988,136
"chr8",69183561,69184561,123
"chr2",53190318,53191318,135
"chr8",107096288,107097288,100
"chr10",18196841,18197841,88
"chr2",53190318,53191318,135
"chr5",73255779,73256779,85
"chr5",73256687,73257687,85
"chr5",73254714,73255714,78
"chr15",37791220,37792220,47
"chrX",137037456,137038456,113
"chrX",136992328,136993328,40
"chr7",4995456,4996456,117
"chr14",54463945,54464945,96
"chr11",54955530,54956530,244
"chr11",88067965,88068965,102
"chr11",88067262,88068262,65
"chr19",6340947,6341947,91
"chr9",58582409,58583409,80
"chr9",58582409,58583409,80
"chr14",56810499,56811499,124
"chr4",116994872,116995872,145
"chr11",117174706,117175706,139
"chr11",117332211,117333211,64
"chr11",117266611,117267611,59
"chr8",60982017,60983017,118
"chr9",57589652,57590652,78
"chr12",65036378,65037378,113
"chr1",30872582,30873582,133
"chr10",68238618,68239618,78
"chr10",68191673,68192673,38
"chr8",69183561,69184561,123
"chr2",53190318,53191318,135
"chr8",107096288,107097288,100
"chr10",18196841,18197841,88
"chr2",53190318,53191318,135
"chr17",35201200,35202200,72
"chr12",81532109,81533109,164
"chr9",40454917,40455917,105
"chr9",40414384,40415384,175
"chr9",40454917,40455917,105
"chr9",40396707,40397707,56
"chr4",152325934,152326934,139
"chr14",19976119,19977119,115
"chr17",21449585,21450585,69
"chr17",21450150,21451150,193
"chr8",106169061,106170061,36
"chr8",106168473,106169473,86
"chr17",47009678,47010678,53
"chr17",47010429,47011429,121
"chr11",98937775,98938775,57
"chr11",98927398,98928398,72
"chr17",36270586,36271586,58
"chr18",32162096,32163096,87
"chr3",146780302,146781302,112
"chr7",104507068,104508068,118
"chr19",5272207,5273207,122
"chr16",32078138,32079138,91
"chr10",7954716,7955716,48
"chr9",7764472,7765472,67
"chr10",128890759,128891759,88
"chr11",72796061,72797061,55
"chr7",28378485,28379485,61
"chr8",69183561,69184561,123
"chr2",53190318,53191318,135
"chr8",107096288,107097288,100
"chr10",18196841,18197841,88
"chr2",53190318,53191318,135
"chr19",26606514,26607514,45
"chr19",26747370,26748370,88
"chr19",26748149,26749149,63
"chr15",36607582,36608582,70
"chr15",36608251,36609251,173
"chr7",102267122,102268122,67
"chr7",102268040,102269040,97
"chr18",62547886,62548886,157
"chr9",7871944,7872944,58
"chr9",7872320,7873320,102
"chr5",123682983,123683983,101
"chr5",123684007,123685007,84
"chr1",85793044,85794044,114
"chr1",85793762,85794762,114
"chr19",40894417,40895417,153
"chr11",77686230,77687230,138
"chr11",29130279,29131279,174
"chr1",39900666,39901666,42
"chr1",39901259,39902259,99
"chr1",39936101,39937101,89
"chr9",21015164,21016164,51
"chr8",36094874,36095874,62
"chr8",36094419,36095419,35
"chr8",36094419,36095419,35
"chr2",72977890,72978890,109
"chr2",72979758,72980758,89
"chr11",50210088,50211088,125
"chr11",50210088,50211088,125
"chr11",50209469,50210469,51
"chr15",102399292,102400292,182
"chr15",102406048,102407048,83
"chr1",190928571,190929571,145
"chr1",190927727,190928727,190
"chr9",66304863,66305863,63
"chr9",66350247,66351247,149
"chr9",66349669,66350669,106
"chr7",139950113,139951113,113
"chr19",46500478,46501478,77
"chr18",10532234,10533234,121
"chr6",108828515,108829515,96
"chr5",65697290,65698290,63
"chr5",65724355,65725355,57
"chr5",65698151,65699151,50
"chr5",65696548,65697548,71
"chr6",71493906,71494906,105
"chr6",71493906,71494906,105
"chr9",57439280,57440280,183
"chr15",81044565,81045565,79
"chr15",81104180,81105180,58
"chr15",81190037,81191037,116
"chr15",81189600,81190600,55
"chr7",125630475,125631475,55
"chr8",69183561,69184561,123
"chr2",53190318,53191318,135
"chr8",107096288,107097288,100
"chr10",18196841,18197841,88
"chr2",53190318,53191318,135
"chr2",71873132,71874132,97
"chr1",160906524,160907524,84
"chr8",72136075,72137075,75
"chr8",69183561,69184561,123
"chr2",53190318,53191318,135
"chr8",107096288,107097288,100
"chr10",18196841,18197841,88
"chr2",53190318,53191318,135
"chrX",56454733,56455733,79
"chr9",69289393,69290393,73
"chr2",128125851,128126851,37
"chr2",128127428,128128428,58
"chr9",107975315,107976315,80
"chr14",103099033,103100033,75
"chr14",103098178,103099178,129
"chr17",28621500,28622500,124
"chr13",45389915,45390915,108
"chr13",45389915,45390915,108
"chr13",45390849,45391849,31
"chr3",135690447,135691447,54
"chr8",69183561,69184561,123
"chr2",53190318,53191318,135
"chr8",107096288,107097288,100
"chr10",18196841,18197841,88
"chr2",53190318,53191318,135
"chr16",58507297,58508297,99
"chr5",92083582,92084582,136
"chr5",92083174,92084174,53
"chr5",92137053,92138053,168
"chr5",92093263,92094263,68
"chr5",86172737,86173737,77
"chr5",86171957,86172957,157
"chr14",79516349,79517349,43
"chr14",79515584,79516584,139
"chr13",20185200,20186200,137
"chr13",20090449,20091449,90
"chr6",38552045,38553045,103
"chr5",138441405,138442405,182
"chr11",48787900,48788900,108
"chr11",48799410,48800410,109
"chr6",140423893,140424893,75
"chr4",44756177,44757177,190
"chr1",144248273,144249273,155
"chr19",18630726,18631726,101
"chr8",69183561,69184561,123
"chr2",53190318,53191318,135
"chr8",107096288,107097288,100
"chr10",18196841,18197841,88
"chr2",53190318,53191318,135
"chr6",122760780,122761780,93
"chr11",77607702,77608702,106
"chr17",24936233,24937233,127
"chr17",24936792,24937792,82
"chr7",24399662,24400662,85
"chr8",69183561,69184561,123
"chr2",53190318,53191318,135
"chr8",107096288,107097288,100
"chr10",18196841,18197841,88
"chr2",53190318,53191318,135
"chr11",107130532,107131532,145
"chr1",151427577,151428577,111
"chr7",138845331,138846331,86
"chr15",99457051,99458051,52
"chr15",99457622,99458622,116
"chr8",69183561,69184561,123
"chr2",53190318,53191318,135
"chr8",107096288,107097288,100
"chr10",18196841,18197841,88
"chr2",53190318,53191318,135
"chr2",24975761,24976761,99
"chr8",69183561,69184561,123
"chr2",53190318,53191318,135
"chr8",107096288,107097288,100
"chr10",18196841,18197841,88
"chr2",53190318,53191318,135
"chr8",69183561,69184561,123
"chr2",53190318,53191318,135
"chr8",107096288,107097288,100
"chr10",18196841,18197841,88
"chr2",53190318,53191318,135
"chr3",106547140,106548140,90
"chr3",106547140,106548140,90
"chr9",32540741,32541741,72
"chr9",77917268,77918268,77
"chr9",77909972,77910972,115
"chr18",82475394,82476394,188
"chr13",12460595,12461595,185
"chr5",72914251,72915251,127
"chr5",72913478,72914478,161
"chr18",53743702,53744702,90
"chr18",53744684,53745684,146
"chr10",116949601,116950601,94
"chr19",32680527,32681527,48
"chr8",69183561,69184561,123
"chr2",53190318,53191318,135
"chr8",107096288,107097288,100
"chr10",18196841,18197841,88
"chr2",53190318,53191318,135
"chr7",90302146,90303146,51
"chr14",18238572,18239572,99
"chr14",18238572,18239572,99
"chr17",35257656,35258656,127
"chr9",101075251,101076251,59
"chr1",80339684,80340684,75
"chr8",77609626,77610626,37
"chr10",34296959,34297959,93
"chr4",107178455,107179455,173
"chr4",107179140,107180140,83
"chr15",98871463,98872463,71
"chr15",98870682,98871682,71
"chr7",27355279,27356279,146
"chr18",7869402,7870402,90
"chr18",7868116,7869116,113
"chr11",59471661,59472661,210
"chrX",8089862,8090862,58
"chr8",69183561,69184561,123
"chr2",53190318,53191318,135
"chr8",107096288,107097288,100
"chr10",18196841,18197841,88
"chr2",53190318,53191318,135
"chr3",90052709,90053709,142
"chr3",90051261,90052261,70
"chr6",83506003,83507003,133
"chr8",69183561,69184561,123
"chr2",53190318,53191318,135
"chr8",107096288,107097288,100
"chr10",18196841,18197841,88
"chr2",53190318,53191318,135
"chr7",143295413,143296413,42
"chrX",135742177,135743177,63
"chrX",135742750,135743750,81
"chr13",111488696,111489696,115
"chrX",57325845,57326845,51
"chr10",13965007,13966007,94
"chr10",13982580,13983580,113
"chr10",14085760,14086760,139
"chr2",11663907,11664907,40
"chr2",181693380,181694380,83
"chr2",181693069,181694069,44
"chr19",5874461,5875461,99
"chr17",46383252,46384252,111
"chr8",69183561,69184561,123
"chr8",69183561,69184561,123
"chr2",53190318,53191318,135
"chr2",53190318,53191318,135
"chr8",107096288,107097288,100
"chr8",107096288,107097288,100
"chr10",18196841,18197841,88
"chr10",18196841,18197841,88
"chr2",53190318,53191318,135
"chr2",53190318,53191318,135
"chr2",91962849,91963849,98
"chr2",91949226,91950226,35
"chr2",91983953,91984953,45
"chr2",91949653,91950653,75
"chr8",69183561,69184561,123
"chr2",53190318,53191318,135
"chr8",107096288,107097288,100
"chr10",18196841,18197841,88
"chr2",53190318,53191318,135
"chr2",35131999,35132999,147
"chr11",6546151,6547151,79
"chr11",6546722,6547722,70
"chr11",6561032,6562032,91
"chr6",57581302,57582302,163
"chr9",5298515,5299515,92
"chr7",118115207,118116207,151
"chr9",88438014,88439014,102
"chr9",88438637,88439637,129
"chr10",67185948,67186948,125
"chr2",160731234,160732234,119
"chr12",116280233,116281233,44
"chr12",116280885,116281885,94
"chr12",116281313,116282313,95
"chr2",91182593,91183593,189
"chr2",91182593,91183593,189
"chr11",5444851,5445851,69
"chr11",5443638,5444638,160
"chr3",103021155,103022155,39
"chr3",90212938,90213938,169
"chr3",90212436,90213436,85
"chr2",92459254,92460254,145
"chr12",64965519,64966519,133
"chr9",122117229,122118229,168
"chr15",97830855,97831855,50
"chr15",97849228,97850228,98
"chr15",25910975,25911975,117
"chr15",25842754,25843754,62
"chr15",25843328,25844328,47
"chr8",69183561,69184561,123
"chr2",53190318,53191318,135
"chr8",107096288,107097288,100
"chr10",18196841,18197841,88
"chr2",53190318,53191318,135
"chr19",46304095,46305095,101
"chr19",46304095,46305095,101
"chr4",102570680,102571680,135
"chr4",102570680,102571680,135
"chr4",102570100,102571100,51
"chr10",39731924,39732924,79
"chr10",39732573,39733573,39
"chr5",144965112,144966112,45
"chr5",144965648,144966648,161
"chr8",104630542,104631542,61
"chr17",31565057,31566057,123
"chr17",31564534,31565534,45
"chr11",51755847,51756847,90
"chr7",104287152,104288152,126
"chr9",45055088,45056088,56
"chr9",45054678,45055678,56
"chr7",73606859,73607859,197
"chr7",73617369,73618369,155
"chr7",73594521,73595521,44
"chr7",73557062,73558062,146
"chr7",73556255,73557255,82
"chr7",73558563,73559563,73
"chr7",73618572,73619572,181
"chr15",89314496,89315496,128
"chr6",83455558,83456558,88
"chr6",83456428,83457428,50
"chr6",83455558,83456558,88
"chr8",106059632,106060632,61
"chr8",106058536,106059536,96
"chr11",79253633,79254633,205
"chr11",30770952,30771952,85
"chr11",30771696,30772696,69
"chr8",105171361,105172361,72
"chr8",105170513,105171513,80
"chr10",67537216,67538216,74
"chr10",67536636,67537636,66
"chr4",101068582,101069582,63
"chr2",112239086,112240086,50
"chr2",112238672,112239672,75
"chr14",56571104,56572104,98
"chr4",145194216,145195216,197
"chr13",55570441,55571441,88
"chr13",55570441,55571441,88
"chr14",105258400,105259400,138
"chr14",105258400,105259400,138
"chr8",69183561,69184561,123
"chr2",53190318,53191318,135
"chr8",107096288,107097288,100
"chr10",18196841,18197841,88
"chr2",53190318,53191318,135
"chr1",64531719,64532719,58
"chr11",17159410,17160410,150
"chr11",17158436,17159436,92
"chr5",72868137,72869137,122
"chr5",72867440,72868440,157
"chr1",105989520,105990520,40
"chr1",105971443,105972443,130
"chr5",93268220,93269220,76
"chr5",93267375,93268375,88
"chr12",3427024,3428024,118
"chr2",32720970,32721970,102
"chr18",35562418,35563418,162
"chr4",143412194,143413194,225
"chr4",143412194,143413194,225
"chr9",70541894,70542894,125
"chr9",70542798,70543798,134
"chr9",42471381,42472381,123
"chr5",113993247,113994247,72
"chr5",113993247,113994247,72
"chr19",34550475,34551475,155
"chr15",36374641,36375641,66
"chr15",36282979,36283979,98
"chr15",36282080,36283080,129
"chr15",36282080,36283080,129
"chr1",57969390,57970390,173
"chr8",69183561,69184561,123
"chr2",53190318,53191318,135
"chr8",107096288,107097288,100
"chr10",18196841,18197841,88
"chr2",53190318,53191318,135
"chr17",33909394,33910394,83
"chr11",94211336,94212336,65
"chr11",94209483,94210483,79
"chr11",94210150,94211150,137
"chr18",35598349,35599349,169
"chr18",35599064,35600064,161
"chrX",21061830,21062830,64
"chrX",21061355,21062355,93
"chr7",126928107,126929107,92
"chr7",126928964,126929964,65
"chr9",44964791,44965791,191
"chr14",55721725,55722725,122
"chr5",23615792,23616792,112
"chr5",23675345,23676345,107
"chr5",23616400,23617400,104
"chr11",116843374,116844374,135
"chr5",34187847,34188847,68
"chr5",34186748,34187748,68
"chr9",20492185,20493185,145
"chr9",20491537,20492537,40
"chr8",79710795,79711795,145
"chr17",31057836,31058836,92
"chr8",71676290,71677290,79
"chrX",77511141,77512141,72
"chrX",77432632,77433632,63
"chr4",115737712,115738712,156
"chr8",69183561,69184561,123
"chr2",53190318,53191318,135
"chr8",107096288,107097288,100
"chr10",18196841,18197841,88
"chr2",53190318,53191318,135
"chr5",137510187,137511187,89
"chr15",10981368,10982368,104
"chr4",129810298,129811298,91
"chr4",129820546,129821546,144
"chr4",129810801,129811801,101
"chr1",52499276,52500276,99
"chr1",87852935,87853935,62
"chr13",43481115,43482115,44
"chr13",43479728,43480728,57
"chr16",4963751,4964751,143
"chr9",15357564,15358564,101
"chr9",15356796,15357796,173
"chr4",83417237,83418237,129
"chr4",83417237,83418237,129
"chr12",110485993,110486993,90
"chr12",110447039,110448039,85
"chr11",44519777,44520777,91
"chr11",44519777,44520777,91
"chr6",128798556,128799556,97
"chr6",128763999,128764999,45
"chr6",128759949,128760949,93
"chr6",128799063,128800063,161
"chr6",128760421,128761421,117
"chr8",69183561,69184561,123
"chr2",53190318,53191318,135
"chr8",107096288,107097288,100
"chr10",18196841,18197841,88
"chr2",53190318,53191318,135
"chr17",80479679,80480679,102
"chr14",8002745,8003745,120
"chr10",130323354,130324354,43
"chr10",130322768,130323768,122
"chr8",85840272,85841272,98
"chr8",85840272,85841272,98
"chr7",105399307,105400307,133
"chr4",134496863,134497863,57
"chr13",107890298,107891298,84
"chr13",107830549,107831549,136
"chr17",29549582,29550582,76
"chr19",53824346,53825346,41
"chr19",53903461,53904461,139
"chr19",53903461,53904461,139
"chr11",23894941,23895941,80
"chr11",23894342,23895342,97
"chr9",74952973,74953973,160
"chr9",74975846,74976846,107
"chr14",55105783,55106783,202
"chr8",69183561,69184561,123
"chr8",69183561,69184561,123
"chr2",53190318,53191318,135
"chr2",53190318,53191318,135
"chr8",107096288,107097288,100
"chr8",107096288,107097288,100
"chr10",18196841,18197841,88
"chr10",18196841,18197841,88
"chr2",53190318,53191318,135
"chr2",53190318,53191318,135
"chr8",69183561,69184561,123
"chr2",53190318,53191318,135
"chr8",107096288,107097288,100
"chr10",18196841,18197841,88
"chr2",53190318,53191318,135
"chr8",69183561,69184561,123
"chr2",53190318,53191318,135
"chr8",107096288,107097288,100
"chr10",18196841,18197841,88
"chr2",53190318,53191318,135
"chr6",124732305,124733305,93
"chr1",177795237,177796237,128
"chr4",40852724,40853724,73
"chr3",89963138,89964138,137
"chr8",69183561,69184561,123
"chr2",53190318,53191318,135
"chr8",107096288,107097288,100
"chr10",18196841,18197841,88
"chr2",53190318,53191318,135
"chr3",121814205,121815205,95
"chr16",33380590,33381590,108
"chr9",106202890,106203890,52
"chr8",69183561,69184561,123
"chr2",53190318,53191318,135
"chr8",107096288,107097288,100
"chr10",18196841,18197841,88
"chr2",53190318,53191318,135
"chr8",69183561,69184561,123
"chr2",53190318,53191318,135
"chr8",107096288,107097288,100
"chr10",18196841,18197841,88
"chr2",53190318,53191318,135
"chr14",49065641,49066641,49
"chr2",121170977,121171977,113
"chr6",48395146,48396146,118
"chr10",8518511,8519511,94
"chr8",69183561,69184561,123
"chr2",53190318,53191318,135
"chr8",107096288,107097288,100
"chr10",18196841,18197841,88
"chr2",53190318,53191318,135
"chr11",94676513,94677513,89
"chr14",52119017,52120017,94
"chr14",52140982,52141982,131
"chr16",50430483,50431483,66
"chr16",50363725,50364725,64
"chr3",97823850,97824850,33
"chr3",97767199,97768199,128
"chr11",106084324,106085324,88
"chr11",106084324,106085324,88
"chr11",106084764,106085764,96
"chr11",106083451,106084451,104
"chr10",58446892,58447892,55
"chr10",58446892,58447892,55
"chr10",58445873,58446873,205
"chr1",184034211,184035211,130
"chr12",101912530,101913530,113
"chr3",59099403,59100403,61
"chr3",59100431,59101431,82
"chr3",59098760,59099760,56
"chr11",104607455,104608455,90
"chr2",25460077,25461077,127
"chr7",45017014,45018014,98
"chr1",161734668,161735668,54
"chr1",161766630,161767630,119
"chr1",182516781,182517781,137
"chr6",34175777,34176777,42
"chr6",34176240,34177240,165
"chrX",20819148,20820148,37
"chrX",20848386,20849386,122
"chr1",170215096,170216096,47
"chr1",170214385,170215385,151
"chrX",112311192,112312192,152
"chr2",23571755,23572755,67
"chr9",82973467,82974467,109
"chr9",82975634,82976634,76
"chr16",18811907,18812907,225
"chr2",32151268,32152268,150
"chr8",123102028,123103028,145
"chr8",123102028,123103028,145
"chr2",83724443,83725443,56
"chr4",47091991,47092991,56
"chr14",121878476,121879476,136
"chr10",85127352,85128352,201
"chr14",61736563,61737563,80
"chr14",61681452,61682452,128
"chrX",72917612,72918612,75
"chr16",35870702,35871702,89
"chr8",72189433,72190433,179
"chr18",36280164,36281164,110
"chr18",36286792,36287792,58
"chr18",36286242,36287242,87
"chr8",69183561,69184561,123
"chr2",53190318,53191318,135
"chr8",107096288,107097288,100
"chr10",18196841,18197841,88
"chr2",53190318,53191318,135
"chr4",122885076,122886076,106
"chr5",123140047,123141047,81
"chr5",123140437,123141437,54
"chr5",123150444,123151444,33
"chr5",72203102,72204102,96
"chr6",39377164,39378164,52
"chr6",39376819,39377819,37
"chr14",67932575,67933575,76
"chr16",23224512,23225512,43
"chr3",146498882,146499882,72
"chr15",58932918,58933918,190
"chr2",3424000,3425000,169
"chr8",69183561,69184561,123
"chr2",53190318,53191318,135
"chr8",107096288,107097288,100
"chr10",18196841,18197841,88
"chr2",53190318,53191318,135
"chr14",49066294,49067294,154
"chr16",91687980,91688980,52
"chr8",69183561,69184561,123
"chr2",53190318,53191318,135
"chr8",107096288,107097288,100
"chr10",18196841,18197841,88
"chr2",53190318,53191318,135
"chr2",144527385,144528385,122
"chr7",25847884,25848884,203
"chr8",69183561,69184561,123
"chr2",53190318,53191318,135
"chr8",107096288,107097288,100
"chr10",18196841,18197841,88
"chr2",53190318,53191318,135
"chr8",69183561,69184561,123
"chr2",53190318,53191318,135
"chr8",107096288,107097288,100
"chr10",18196841,18197841,88
"chr2",53190318,53191318,135
"chr17",24413621,24414621,93
"chr2",13574385,13575385,52
"chr12",4592529,4593529,85
"chr18",38418966,38419966,167
"chr12",85686543,85687543,74
"chr12",85705564,85706564,48
"chr17",32350406,32351406,40
"chr17",32363669,32364669,97
"chr16",19981803,19982803,168
"chr17",27056962,27057962,56
"chr17",27056507,27057507,66
"chr13",55189798,55190798,201
"chr12",111166409,111167409,69
"chr8",69183561,69184561,123
"chr2",53190318,53191318,135
"chr8",107096288,107097288,100
"chr10",18196841,18197841,88
"chr2",53190318,53191318,135
"chr12",69371876,69372876,57
"chr12",69372599,69373599,69
"chr12",69422460,69423460,66
"chr8",69183561,69184561,123
"chr2",53190318,53191318,135
"chr8",107096288,107097288,100
"chr10",18196841,18197841,88
"chr2",53190318,53191318,135
"chr17",33978190,33979190,103
"chr6",120530876,120531876,97
"chrX",42151086,42152086,78
"chr14",31019281,31020281,136
"chr19",4395838,4396838,164
"chr19",4396424,4397424,53
"chr8",69183561,69184561,123
"chr2",53190318,53191318,135
"chr8",107096288,107097288,100
"chr10",18196841,18197841,88
"chr2",53190318,53191318,135
"chr9",56418326,56419326,106
"chr9",56418853,56419853,32
"chr9",56506826,56507826,55
"chr1",58711770,58712770,64
"chr1",58711004,58712004,35
"chr1",58712809,58713809,58
"chr4",4792525,4793525,119
"chr4",4791866,4792866,84
"chr8",69183561,69184561,123
"chr2",53190318,53191318,135
"chr8",107096288,107097288,100
"chr10",18196841,18197841,88
"chr2",53190318,53191318,135
"chr8",70522362,70523362,120
"chr8",69183561,69184561,123
"chr2",53190318,53191318,135
"chr8",107096288,107097288,100
"chr10",18196841,18197841,88
"chr2",53190318,53191318,135
"chr11",20531640,20532640,90
"chr11",20445440,20446440,70
"chr11",20445118,20446118,60
"chr11",20541995,20542995,73
"chr8",69183561,69184561,123
"chr2",53190318,53191318,135
"chr8",107096288,107097288,100
"chr10",18196841,18197841,88
"chr2",53190318,53191318,135
"chr14",78306994,78307994,57
"chr1",151287026,151288026,45
"chr1",151345262,151346262,115
"chr2",156179124,156180124,131
"chr11",82870273,82871273,117
"chr11",82845449,82846449,37
"chr17",32965292,32966292,181
"chr9",48494384,48495384,185
"chr1",92180453,92181453,68
"chr9",105131009,105132009,90
"chr8",69183561,69184561,123
"chr2",53190318,53191318,135
"chr8",107096288,107097288,100
"chr10",18196841,18197841,88
"chr2",53190318,53191318,135
"chr11",23769937,23770937,85
"chr12",80791075,80792075,43
"chr12",80790458,80791458,154
"chr8",116731877,116732877,98
"chr8",116732611,116733611,62
"chr17",6827757,6828757,46
"chr17",6781889,6782889,84
"chr17",6782729,6783729,71
"chr7",56050103,56051103,109
"chr7",56049268,56050268,99
"chr8",69183561,69184561,123
"chr2",53190318,53191318,135
"chr8",107096288,107097288,100
"chr10",18196841,18197841,88
"chr2",53190318,53191318,135
"chr8",69183561,69184561,123
"chr2",53190318,53191318,135
"chr8",107096288,107097288,100
"chr10",18196841,18197841,88
"chr2",53190318,53191318,135
"chr12",73907911,73908911,108
"chr7",45920412,45921412,58
"chr18",4352205,4353205,44
"chr2",15055144,15056144,173
"chr17",22361451,22362451,116
"chr13",67483826,67484826,101
"chr14",11160672,11161672,70
"chr14",11161154,11162154,54
"chr14",10430254,10431254,55
"chr14",10452972,10453972,107
"chr8",69183561,69184561,123
"chr2",53190318,53191318,135
"chr8",107096288,107097288,100
"chr10",18196841,18197841,88
"chr2",53190318,53191318,135
"chr2",71787020,71788020,69
"chr8",69183561,69184561,123
"chr2",53190318,53191318,135
"chr8",107096288,107097288,100
"chr10",18196841,18197841,88
"chr2",53190318,53191318,135
"chr13",74807821,74808821,117
"chr13",74769906,74770906,222
"chr7",72305809,72306809,139
"chr2",174673416,174674416,94
"chr17",30657706,30658706,43
"chr9",66591963,66592963,86
"chr9",66592992,66593992,61
"chr9",66591963,66592963,86
"chr2",136891912,136892912,234
"chr9",86466917,86467917,56
"chr8",69183561,69184561,123
"chr2",53190318,53191318,135
"chr8",107096288,107097288,100
"chr10",18196841,18197841,88
"chr2",53190318,53191318,135
"chr15",96641398,96642398,126
"chr19",8757125,8758125,101
"chr9",59749870,59750870,174
"chr8",69183561,69184561,123
"chr2",53190318,53191318,135
"chr8",107096288,107097288,100
"chr10",18196841,18197841,88
"chr2",53190318,53191318,135
"chr11",3370959,3371959,52
"chr11",3408391,3409391,140
"chr3",87525472,87526472,63
"chr13",98890408,98891408,166
"chr13",98925337,98926337,163
"chr13",98944383,98945383,140
"chr13",98926225,98927225,43
"chr11",20112049,20113049,68
"chr11",20112956,20113956,118
"chr17",64332054,64333054,81
"chr17",64330959,64331959,126
"chr8",69183561,69184561,123
"chr2",53190318,53191318,135
"chr8",107096288,107097288,100
"chr10",18196841,18197841,88
"chr2",53190318,53191318,135
"chr4",94602581,94603581,141
"chr8",69183561,69184561,123
"chr2",53190318,53191318,135
"chr8",107096288,107097288,100
"chr10",18196841,18197841,88
"chr2",53190318,53191318,135
"chr15",98762214,98763214,93
"chr5",69591462,69592462,128
"chr3",115714105,115715105,72
"chr8",69183561,69184561,123
"chr2",53190318,53191318,135
"chr8",107096288,107097288,100
"chr10",18196841,18197841,88
"chr2",53190318,53191318,135
"chr4",143212049,143213049,131
"chr4",143212049,143213049,131
"chr8",69183561,69184561,123
"chr2",53190318,53191318,135
"chr8",107096288,107097288,100
"chr10",18196841,18197841,88
"chr2",53190318,53191318,135
"chr5",124031401,124032401,109
"chr4",135494349,135495349,136
"chr3",54692746,54693746,132
"chr11",101664699,101665699,95
"chr14",20707090,20708090,73
"chr1",160791875,160792875,108
"chr15",82899084,82900084,119
"chr13",38959936,38960936,132
"chr8",69183561,69184561,123
"chr2",53190318,53191318,135
"chr8",107096288,107097288,100
"chr10",18196841,18197841,88
"chr2",53190318,53191318,135
"chr8",69183561,69184561,123
"chr2",53190318,53191318,135
"chr8",107096288,107097288,100
"chr10",18196841,18197841,88
"chr2",53190318,53191318,135
"chr17",37045661,37046661,65
"chrX",37084103,37085103,75
"chrX",37084103,37085103,75
"chr11",86544131,86545131,76
"chr11",86543564,86544564,69
"chr11",49712553,49713553,77
"chr11",49711776,49712776,85
"chr18",61399692,61400692,117
"chr18",61399210,61400210,59
"chrX",106027094,106028094,113
"chr9",72275100,72276100,75
"chr7",119895221,119896221,89
"chr7",119895221,119896221,89
"chr1",161130645,161131645,150
"chr8",69183561,69184561,123
"chr2",53190318,53191318,135
"chr8",107096288,107097288,100
"chr10",18196841,18197841,88
"chr2",53190318,53191318,135
"chr3",14610664,14611664,145
"chr3",14610664,14611664,145
"chr7",80339583,80340583,58
"chr16",44015625,44016625,150
"chrX",74428921,74429921,72
"chr19",5877574,5878574,77
"chr6",31209141,31210141,49
"chr8",69183561,69184561,123
"chr2",53190318,53191318,135
"chr8",107096288,107097288,100
"chr10",18196841,18197841,88
"chr2",53190318,53191318,135
"chr6",57535493,57536493,111
"chr6",57534719,57535719,135
"chr11",86356442,86357442,87
"chr11",86357575,86358575,176
"chr1",36546425,36547425,112
"chr9",98563441,98564441,98
"chr4",19569387,19570387,93
"chr18",66457837,66458837,46
"chr18",66470570,66471570,109
"chr18",66458284,66459284,83
"chr13",58400645,58401645,103
"chr13",100103449,100104449,86
"chr13",100103449,100104449,86
"chr8",69183561,69184561,123
"chr2",53190318,53191318,135
"chr8",107096288,107097288,100
"chr10",18196841,18197841,88
"chr2",53190318,53191318,135
"chr12",3308407,3309407,59
"chr12",3309177,3310177,81
"chr16",38549640,38550640,95
"chr1",134560787,134561787,77
"chr1",134556341,134557341,32
"chr11",51999513,52000513,119
"chr15",85831781,85832781,130
"chr17",83846990,83847990,60
"chr6",25808342,25809342,198
"chr15",36879064,36880064,97
"chr15",36792594,36793594,76
"chr15",36879064,36880064,97
"chr15",36791684,36792684,56
"chr8",117257156,117258156,131
"chr8",117256446,117257446,37
"chr8",69183561,69184561,123
"chr2",53190318,53191318,135
"chr8",107096288,107097288,100
"chr10",18196841,18197841,88
"chr2",53190318,53191318,135
"chr18",36560602,36561602,81
"chr18",36560602,36561602,81
"chr18",36559235,36560235,95
"chr10",19591882,19592882,98
"chr1",7396677,7397677,51
"chr1",7088930,7089930,119
"chr1",7088930,7089930,119
"chr1",7206032,7207032,49
"chr1",7397171,7398171,102
"chr8",69183561,69184561,123
"chr2",53190318,53191318,135
"chr8",107096288,107097288,100
"chr10",18196841,18197841,88
"chr2",53190318,53191318,135
"chr5",37028024,37029024,108
"chr9",45954329,45955329,131
"chrX",152342444,152343444,64
"chr1",156040716,156041716,143
"chr3",30602281,30603281,115
"chr3",30601359,30602359,77
"chrX",164419539,164420539,84
"chr8",69183561,69184561,123
"chr2",53190318,53191318,135
"chr8",107096288,107097288,100
"chr10",18196841,18197841,88
"chr2",53190318,53191318,135
"chr13",92529873,92530873,158
"chr13",92530510,92531510,131
"chr9",108001777,108002777,90
"chr8",69183561,69184561,123
"chr2",53190318,53191318,135
"chr8",107096288,107097288,100
"chr10",18196841,18197841,88
"chr2",53190318,53191318,135
"chr10",5194179,5195179,117
"chr10",5549943,5550943,81
"chr8",69183561,69184561,123
"chr2",53190318,53191318,135
"chr8",107096288,107097288,100
"chr10",18196841,18197841,88
"chr2",53190318,53191318,135
"chr17",21707836,21708836,37
"chr17",21707284,21708284,125
"chr8",69183561,69184561,123
"chr8",69183561,69184561,123
"chr2",53190318,53191318,135
"chr2",53190318,53191318,135
"chr8",107096288,107097288,100
"chr8",107096288,107097288,100
"chr10",18196841,18197841,88
"chr10",18196841,18197841,88
"chr2",53190318,53191318,135
"chr2",53190318,53191318,135
"chr1",138619181,138620181,74
"chr6",41604683,41605683,94
"chr6",41604683,41605683,94
"chr14",26969558,26970558,82
"chr14",26970334,26971334,100
"chr10",71284717,71285717,83
"chr4",150854943,150855943,55
"chr8",69183561,69184561,123
"chr2",53190318,53191318,135
"chr8",107096288,107097288,100
"chr10",18196841,18197841,88
"chr2",53190318,53191318,135
"chr6",7845043,7846043,106
"chr18",34777368,34778368,114
"chr15",3994998,3995998,167
"chr12",118300771,118301771,53
"chr12",118301303,118302303,80
"chr12",118300425,118301425,89
"chr12",112976319,112977319,101
"chr6",53067961,53068961,37
"chr8",69183561,69184561,123
"chr2",53190318,53191318,135
"chr8",107096288,107097288,100
"chr10",18196841,18197841,88
"chr2",53190318,53191318,135
"chr19",60579889,60580889,149
"chr13",54686599,54687599,122
"chr13",54694002,54695002,107
"chr13",54686599,54687599,122
"chr19",25053250,25054250,45
"chr19",25052548,25053548,189
"chr19",24999716,25000716,96
"chr14",75845260,75846260,128
"chr8",69183561,69184561,123
"chr2",53190318,53191318,135
"chr8",107096288,107097288,100
"chr10",18196841,18197841,88
"chr2",53190318,53191318,135
"chr17",84465229,84466229,93
"chr17",84466028,84467028,58
"chr2",128967808,128968808,56
"chr2",128967144,128968144,63
"chr2",128966367,128967367,162
"chr10",70096324,70097324,41
"chr10",70094786,70095786,62
"chr4",34549793,34550793,81
"chr13",90089455,90090455,118
"chr8",69183561,69184561,123
"chr8",69183561,69184561,123
"chr2",53190318,53191318,135
"chr2",53190318,53191318,135
"chr8",107096288,107097288,100
"chr8",107096288,107097288,100
"chr10",18196841,18197841,88
"chr10",18196841,18197841,88
"chr2",53190318,53191318,135
"chr2",53190318,53191318,135
"chr9",113707388,113708388,103
"chr9",113707388,113708388,103
"chr13",55599917,55600917,138
"chr15",78772398,78773398,63
"chr15",12375535,12376535,73
"chr2",121170098,121171098,82
"chr2",121170098,121171098,82
"chr8",3221005,3222005,60
"chr8",3278734,3279734,87
"chr3",89714588,89715588,79
"chr11",108343091,108344091,93
"chr2",181519659,181520659,90
"chr6",13607193,13608193,118
"chr11",78535442,78536442,60
"chr8",69183561,69184561,123
"chr2",53190318,53191318,135
"chr8",107096288,107097288,100
"chr10",18196841,18197841,88
"chr2",53190318,53191318,135
"chr7",19920275,19921275,145
"chr16",45408321,45409321,128
"chr2",10372203,10373203,85
"chr8",69183561,69184561,123
"chr2",53190318,53191318,135
"chr8",107096288,107097288,100
"chr10",18196841,18197841,88
"chr2",53190318,53191318,135
"chr5",96209253,96210253,98
"chr5",96209928,96210928,254
"chr15",39112688,39113688,107
"chr7",104314483,104315483,113
"chr8",69183561,69184561,123
"chr2",53190318,53191318,135
"chr8",107096288,107097288,100
"chr10",18196841,18197841,88
"chr2",53190318,53191318,135
"chr11",9010533,9011533,154
"chr11",9010533,9011533,154
"chr8",79640002,79641002,67
"chr8",79638266,79639266,109
"chr8",69183561,69184561,123
"chr2",53190318,53191318,135
"chr8",107096288,107097288,100
"chr10",18196841,18197841,88
"chr2",53190318,53191318,135
"chr5",67427240,67428240,135
"chr13",96541743,96542743,142
"chr14",70774395,70775395,48
"chr18",12643368,12644368,76
"chr8",69183561,69184561,123
"chr2",53190318,53191318,135
"chr8",107096288,107097288,100
"chr10",18196841,18197841,88
"chr2",53190318,53191318,135
"chr15",75861950,75862950,146
"chr7",38183735,38184735,128
"chr1",54438191,54439191,242
"chr2",39065373,39066373,120
"chr2",39064791,39065791,94
"chr17",45555525,45556525,117
"chr17",45556316,45557316,71
"chr17",45556316,45557316,71
"chr19",12573309,12574309,150
"chr5",150593687,150594687,68
"chr5",150600735,150601735,49
"chr13",48512688,48513688,149
"chr8",69183561,69184561,123
"chr2",53190318,53191318,135
"chr8",107096288,107097288,100
"chr10",18196841,18197841,88
"chr2",53190318,53191318,135
"chr3",135485257,135486257,109
"chrX",113184705,113185705,135
"chr11",117872817,117873817,170
"chr8",69183561,69184561,123
"chr2",53190318,53191318,135
"chr8",107096288,107097288,100
"chr10",18196841,18197841,88
"chr2",53190318,53191318,135
"chr8",69183561,69184561,123
"chr2",53190318,53191318,135
"chr8",107096288,107097288,100
"chr10",18196841,18197841,88
"chr2",53190318,53191318,135
"chr8",69183561,69184561,123
"chr2",53190318,53191318,135
"chr8",107096288,107097288,100
"chr10",18196841,18197841,88
"chr2",53190318,53191318,135
"chr5",124628256,124629256,100
"chr12",116047668,116048668,179
"chr8",69183561,69184561,123
"chr2",53190318,53191318,135
"chr8",107096288,107097288,100
"chr10",18196841,18197841,88
"chr2",53190318,53191318,135
"chr5",76974755,76975755,67
"chrX",106218954,106219954,86
"chr8",69183561,69184561,123
"chr8",69183561,69184561,123
"chr2",53190318,53191318,135
"chr2",53190318,53191318,135
"chr8",107096288,107097288,100
"chr8",107096288,107097288,100
"chr10",18196841,18197841,88
"chr10",18196841,18197841,88
"chr2",53190318,53191318,135
"chr2",53190318,53191318,135
"chr8",70804209,70805209,93
"chr9",35420911,35421911,71
"chr9",35420911,35421911,71
"chr13",14062510,14063510,94
"chr15",102458575,102459575,75
"chr12",51844360,51845360,143
"chr12",51828338,51829338,126
"chr18",24205604,24206604,43
"chr18",24206134,24207134,79
"chr18",24204876,24205876,79
"chr3",40846003,40847003,145
"chr8",69183561,69184561,123
"chr2",53190318,53191318,135
"chr8",107096288,107097288,100
"chr10",18196841,18197841,88
"chr2",53190318,53191318,135
"chr8",69183561,69184561,123
"chr2",53190318,53191318,135
"chr8",107096288,107097288,100
"chr10",18196841,18197841,88
"chr2",53190318,53191318,135
"chr11",113201205,113202205,49
"chr11",113172313,113173313,186
"chr3",21935491,21936491,39
"chr3",22077253,22078253,58
"chr4",119359236,119360236,99
"chr4",119414944,119415944,106
"chr15",76294158,76295158,141
"chr8",69183561,69184561,123
"chr2",53190318,53191318,135
"chr8",107096288,107097288,100
"chr10",18196841,18197841,88
"chr2",53190318,53191318,135
"chr4",103119372,103120372,84
"chr4",103113930,103114930,96
"chr4",103113930,103114930,96
"chr7",126377076,126378076,90
"chr4",21766439,21767439,96
"chr8",79028429,79029429,99
"chr8",79027923,79028923,51
"chr8",69183561,69184561,123
"chr2",53190318,53191318,135
"chr8",107096288,107097288,100
"chr10",18196841,18197841,88
"chr2",53190318,53191318,135
"chr8",69183561,69184561,123
"chr2",53190318,53191318,135
"chr8",107096288,107097288,100
"chr10",18196841,18197841,88
"chr2",53190318,53191318,135
"chr12",59218687,59219687,78
"chr12",59218687,59219687,78
"chr8",69183561,69184561,123
"chr2",53190318,53191318,135
"chr8",107096288,107097288,100
"chr10",18196841,18197841,88
"chr2",53190318,53191318,135
"chr6",87495333,87496333,70
"chr6",87531902,87532902,92
"chr6",87530989,87531989,83
"chr6",87532545,87533545,56
"chr19",28010201,28011201,95
"chr8",69183561,69184561,123
"chr2",53190318,53191318,135
"chr8",107096288,107097288,100
"chr10",18196841,18197841,88
"chr2",53190318,53191318,135
"chr7",89980965,89981965,161
"chr7",89979601,89980601,160
"chr7",89980401,89981401,40
"chr7",119793645,119794645,132
"chr7",119793645,119794645,132
"chr15",102135510,102136510,57
"chr15",102135949,102136949,129
"chr5",20950420,20951420,135
"chrX",137049410,137050410,81
"chr5",21645967,21646967,89
"chr16",57549601,57550601,60
"chr16",57548968,57549968,85
"chr16",57336821,57337821,122
"chr8",69183561,69184561,123
"chr2",53190318,53191318,135
"chr8",107096288,107097288,100
"chr10",18196841,18197841,88
"chr2",53190318,53191318,135
"chr2",17741244,17742244,43
"chr8",69183561,69184561,123
"chr2",53190318,53191318,135
"chr8",107096288,107097288,100
"chr10",18196841,18197841,88
"chr2",53190318,53191318,135
"chrX",12672865,12673865,110
"chr11",75630028,75631028,104
"chr3",69004434,69005434,114
"chr3",69006103,69007103,40
"chr3",69005192,69006192,69
"chr8",128685456,128686456,90
"chr10",76237414,76238414,98
"chr3",93506142,93507142,60
"chr9",61913580,61914580,214
"chr9",61914422,61915422,98
"chr8",69183561,69184561,123
"chr8",69183561,69184561,123
"chr2",53190318,53191318,135
"chr2",53190318,53191318,135
"chr8",107096288,107097288,100
"chr8",107096288,107097288,100
"chr10",18196841,18197841,88
"chr10",18196841,18197841,88
"chr2",53190318,53191318,135
"chr2",53190318,53191318,135
"chr13",23368424,23369424,161
"chr13",23369087,23370087,63
"chr8",69183561,69184561,123
"chr8",69183561,69184561,123
"chr2",53190318,53191318,135
"chr2",53190318,53191318,135
"chr8",107096288,107097288,100
"chr8",107096288,107097288,100
"chr10",18196841,18197841,88
"chr10",18196841,18197841,88
"chr2",53190318,53191318,135
"chr2",53190318,53191318,135
"chr8",69183561,69184561,123
"chr2",53190318,53191318,135
"chr8",107096288,107097288,100
"chr10",18196841,18197841,88
"chr2",53190318,53191318,135
"chr1",143701872,143702872,180
"chr12",111071215,111072215,59
"chr12",111038052,111039052,87
"chr11",83039787,83040787,88
"chr16",31663723,31664723,78
"chr16",31662913,31663913,86
"chr2",60382410,60383410,88
"chr2",29619736,29620736,146
"chrX",85573833,85574833,55
"chr8",69183561,69184561,123
"chr2",53190318,53191318,135
"chr8",107096288,107097288,100
"chr10",18196841,18197841,88
"chr2",53190318,53191318,135
"chr8",69183561,69184561,123
"chr2",53190318,53191318,135
"chr8",107096288,107097288,100
"chr10",18196841,18197841,88
"chr2",53190318,53191318,135
"chrX",13072624,13073624,52
"chr8",25101002,25102002,68
"chr7",16781172,16782172,134
"chr11",98550913,98551913,95
"chr3",88684768,88685768,131
"chr3",88685683,88686683,118
"chr1",34849573,34850573,84
"chr19",46044216,46045216,65
"chr8",69183561,69184561,123
"chr2",53190318,53191318,135
"chr8",107096288,107097288,100
"chr10",18196841,18197841,88
"chr2",53190318,53191318,135
"chr5",25100578,25101578,49
"chr7",84605462,84606462,90
"chr7",75701900,75702900,129
"chr7",75781125,75782125,129
"chr7",75847900,75848900,122
"chr7",75847900,75848900,122
"chr8",69183561,69184561,123
"chr2",53190318,53191318,135
"chr8",107096288,107097288,100
"chr10",18196841,18197841,88
"chr2",53190318,53191318,135
"chr3",89090563,89091563,50
"chr3",89089396,89090396,97
"chr8",72161121,72162121,190
"chr8",72159960,72160960,88
"chr5",147431291,147432291,51
"chr2",30942243,30943243,186
"chr2",30952916,30953916,115
"chr10",88200701,88201701,128
"chr19",5648373,5649373,50
"chr11",75460360,75461360,85
"chr11",75461289,75462289,86
"chr1",38897462,38898462,93
"chr7",82866133,82867133,74
"chr7",82867589,82868589,61
"chr11",86472611,86473611,75
"chr8",69183561,69184561,123
"chr8",69183561,69184561,123
"chr2",53190318,53191318,135
"chr2",53190318,53191318,135
"chr8",107096288,107097288,100
"chr8",107096288,107097288,100
"chr10",18196841,18197841,88
"chr10",18196841,18197841,88
"chr2",53190318,53191318,135
"chr2",53190318,53191318,135
"chr1",179546233,179547233,106
"chr19",3767190,3768190,77
"chr19",3743738,3744738,195
"chr19",3767964,3768964,100
"chr19",3768684,3769684,77
"chr17",33394027,33395027,159
"chr5",106695635,106696635,112
"chr5",106695635,106696635,112
"chr2",170153040,170154040,38
"chr16",32331867,32332867,95
"chr1",182341144,182342144,181
"chr2",30123877,30124877,151
"chr2",30123517,30124517,71
"chr2",30124258,30125258,123
"chr15",102325959,102326959,161
"chr17",15395804,15396804,146
"chr17",15395804,15396804,146
"chr11",97994626,97995626,50
"chr7",41599385,41600385,42
"chr7",41633060,41634060,114
"chr7",41598880,41599880,82
"chr1",134494254,134495254,174
"chr1",134494254,134495254,174
"chr17",36121493,36122493,119
"chr3",90514527,90515527,89
"chr3",90514527,90515527,89
"chr9",87021823,87022823,125
"chr1",34801383,34802383,76
"chr2",90745751,90746751,108
"chr8",64849772,64850772,103
"chr8",64849123,64850123,76
"chr19",8723594,8724594,137
"chr2",70824231,70825231,103
"chr2",70825002,70826002,81
"chr8",69183561,69184561,123
"chr2",53190318,53191318,135
"chr8",107096288,107097288,100
"chr10",18196841,18197841,88
"chr2",53190318,53191318,135
"chr7",112023554,112024554,102
"chr11",52231670,52232670,69
"chr11",52232212,52233212,93
"chr7",45332997,45333997,124
"chr8",69183561,69184561,123
"chr2",53190318,53191318,135
"chr8",107096288,107097288,100
"chr10",18196841,18197841,88
"chr2",53190318,53191318,135
"chr7",45127844,45128844,156
"chr15",94543311,94544311,134
"chr3",89177313,89178313,210
"chr2",158409624,158410624,194
"chr8",69183561,69184561,123
"chr8",69183561,69184561,123
"chr8",69183561,69184561,123
"chr2",53190318,53191318,135
"chr2",53190318,53191318,135
"chr2",53190318,53191318,135
"chr8",107096288,107097288,100
"chr8",107096288,107097288,100
"chr8",107096288,107097288,100
"chr10",18196841,18197841,88
"chr10",18196841,18197841,88
"chr10",18196841,18197841,88
"chr2",53190318,53191318,135
"chr2",53190318,53191318,135
"chr2",53190318,53191318,135
"chr8",69183561,69184561,123
"chr2",53190318,53191318,135
"chr8",107096288,107097288,100
"chr10",18196841,18197841,88
"chr2",53190318,53191318,135
"chr1",178186619,178187619,106
"chr1",37429680,37430680,137
"chr1",37429680,37430680,137
"chr8",69183561,69184561,123
"chr2",53190318,53191318,135
"chr8",107096288,107097288,100
"chr10",18196841,18197841,88
"chr2",53190318,53191318,135
"chr7",127470133,127471133,138
"chr7",127471066,127472066,106
"chr8",69183561,69184561,123
"chr2",53190318,53191318,135
"chr8",107096288,107097288,100
"chr10",18196841,18197841,88
"chr2",53190318,53191318,135
"chr18",14783078,14784078,104
"chr18",14783078,14784078,104
"chr18",14782370,14783370,86
"chr9",96362899,96363899,105
"chr11",109650918,109651918,139
"chr11",109650211,109651211,67
"chr5",114897236,114898236,104
"chr11",46311354,46312354,105
"chr11",46310532,46311532,40
"chr9",114730083,114731083,120
"chr8",69183561,69184561,123
"chr2",53190318,53191318,135
"chr8",107096288,107097288,100
"chr10",18196841,18197841,88
"chr2",53190318,53191318,135
"chr2",24386225,24387225,114
"chr17",36032029,36033029,86
"chr5",138186459,138187459,89
"chr13",49308374,49309374,91
"chr1",13292996,13293996,65
"chr1",13426086,13427086,174
"chr1",13373282,13374282,45
"chr1",13372368,13373368,86
"chr14",55604071,55605071,122
"chr14",55603323,55604323,83
"chr8",69183561,69184561,123
"chr8",69183561,69184561,123
"chr2",53190318,53191318,135
"chr2",53190318,53191318,135
"chr8",107096288,107097288,100
"chr8",107096288,107097288,100
"chr10",18196841,18197841,88
"chr10",18196841,18197841,88
"chr2",53190318,53191318,135
"chr2",53190318,53191318,135
"chr2",146511319,146512319,141
"chr8",69183561,69184561,123
"chr2",53190318,53191318,135
"chr8",107096288,107097288,100
"chr10",18196841,18197841,88
"chr2",53190318,53191318,135
"chr14",72602373,72603373,93
"chr14",72709835,72710835,102
"chr14",72709114,72710114,64
"chr16",77014056,77015056,69
"chr16",78575673,78576673,81
"chr16",78575673,78576673,81
"chr18",67724361,67725361,64
"chr7",80401637,80402637,63
"chrX",103979873,103980873,94
"chrX",103979873,103980873,94
"chr7",130645860,130646860,88
"chr7",130645860,130646860,88
"chr7",4460409,4461409,122
"chr9",14275182,14276182,85
"chr9",14276376,14277376,54
"chr3",95141539,95142539,83
"chr14",118179700,118180700,55
"chr14",118180093,118181093,55
"chr7",101108706,101109706,116
"chr3",142282670,142283670,126
"chr3",142395503,142396503,150
"chr8",69183561,69184561,123
"chr2",53190318,53191318,135
"chr8",107096288,107097288,100
"chr10",18196841,18197841,88
"chr2",53190318,53191318,135
"chr8",69183561,69184561,123
"chr2",53190318,53191318,135
"chr8",107096288,107097288,100
"chr10",18196841,18197841,88
"chr2",53190318,53191318,135
"chr13",3633743,3634743,130
"chr14",52315519,52316519,85
"chr8",69183561,69184561,123
"chr2",53190318,53191318,135
"chr8",107096288,107097288,100
"chr10",18196841,18197841,88
"chr2",53190318,53191318,135
"chr2",165993010,165994010,130
"chr17",31295918,31296918,84
"chr2",11777365,11778365,67
"chr2",11778013,11779013,111
"chr1",53296982,53297982,142
"chr2",122701822,122702822,91
"chr1",121430801,121431801,102
"chr1",121430801,121431801,102
"chr6",71632063,71633063,119
"chr7",126199661,126200661,206
"chr2",180119131,180120131,99
"chr2",180118406,180119406,81
"chr4",16013171,16014171,106
"chr8",46616421,46617421,121
"chr14",120275558,120276558,213
"chr1",131827826,131828826,78
"chr1",131827216,131828216,76
"chr6",24664878,24665878,98
"chr6",24664068,24665068,107
"chr8",69183561,69184561,123
"chr2",53190318,53191318,135
"chr8",107096288,107097288,100
"chr10",18196841,18197841,88
"chr2",53190318,53191318,135
"chr8",69183561,69184561,123
"chr2",53190318,53191318,135
"chr8",107096288,107097288,100
"chr10",18196841,18197841,88
"chr2",53190318,53191318,135
"chr7",81859334,81860334,128
"chr19",45843359,45844359,80
"chr19",29804836,29805836,82
"chr19",29805702,29806702,76
"chr19",29804836,29805836,82
"chr7",92740548,92741548,249
"chr1",59912707,59913707,93
"chr1",59912164,59913164,78
"chr1",59913236,59914236,70
"chr12",69363591,69364591,52
"chr12",69363998,69364998,70
"chr12",69356599,69357599,183
"chr17",27634361,27635361,117
"chr8",69183561,69184561,123
"chr2",53190318,53191318,135
"chr8",107096288,107097288,100
"chr10",18196841,18197841,88
"chr2",53190318,53191318,135
